<ImportExportXml xmlns:xsi="http://www.w3.org/2001/XMLSchema-instance">
  <Entities>
    <Entity>
      <Name LocalizedName="Project" OriginalName="Project">msdyn_project</Name>
      <EntityInfo>
        <entity Name="msdyn_project">
          <attributes>
            <attribute PhysicalName="promx_BudgetApprover">
              <Type>lookup</Type>
              <Name>promx_budgetapprover</Name>
              <LogicalName>promx_budgetapprover</LogicalName>
              <RequiredLevel>none</RequiredLevel>
              <DisplayMask>ValidForAdvancedFind|ValidForForm|ValidForGrid</DisplayMask>
              <ValidForUpdateApi>1</ValidForUpdateApi>
              <ValidForReadApi>1</ValidForReadApi>
              <ValidForCreateApi>1</ValidForCreateApi>
              <IsCustomField>1</IsCustomField>
              <IsAuditEnabled>0</IsAuditEnabled>
              <IsSecured>0</IsSecured>
              <IntroducedVersion>1.0.0.0</IntroducedVersion>
              <IsCustomizable>1</IsCustomizable>
              <IsRenameable>1</IsRenameable>
              <CanModifySearchSettings>1</CanModifySearchSettings>
              <CanModifyRequirementLevelSettings>1</CanModifyRequirementLevelSettings>
              <CanModifyAdditionalSettings>1</CanModifyAdditionalSettings>
              <SourceType>0</SourceType>
              <IsGlobalFilterEnabled>0</IsGlobalFilterEnabled>
              <IsSortableEnabled>0</IsSortableEnabled>
              <CanModifyGlobalFilterSettings>1</CanModifyGlobalFilterSettings>
              <CanModifyIsSortableSettings>1</CanModifyIsSortableSettings>
              <IsDataSourceSecret>0</IsDataSourceSecret>
              <AutoNumberFormat></AutoNumberFormat>
              <IsSearchable>0</IsSearchable>
              <IsFilterable>0</IsFilterable>
              <IsRetrievable>0</IsRetrievable>
              <IsLocalizable>0</IsLocalizable>
              <LookupStyle>single</LookupStyle>
              <LookupTypes />
              <displaynames>
                <displayname description="Budget Approver" languagecode="1033" />
              </displaynames>
              <Descriptions>
                <Description description="Indicate the user who needs to approve / reject budgets for this Project." languagecode="1033" />
              </Descriptions>
            </attribute>
          </attributes>
        </entity>
      </EntityInfo>
      <FormXml>
        <forms type="main">
          <systemform>
            <formid>{105ef076-a72a-4382-bde5-35e3c3d9db40}</formid>
            <IntroducedVersion>1.0.0.1</IntroducedVersion>
            <FormPresentation>1</FormPresentation>
            <FormActivationState>1</FormActivationState>
            <form shownavigationbar="true" showImage="false" maxWidth="1900" headerdensity="HighWithControls" solutionaction="Modified">
              <tabs>
                <tab id="{ac4158d2-008d-4b6d-8e11-58c9ab47b14b}" name="Summary" expanded="true" showlabel="true" locklevel="0" IsUserDefined="1" verticallayout="true" ordinalvalue="0">
                  <columns>
                    <column width="40%" id="0">
                      <sections>
                        <section id="{31843965-2614-4dec-b525-872d76e16b92}" name="{31843965-2614-4dec-b525-872d76e16b92}" showlabel="true" locklevel="0" IsUserDefined="0" celllabelposition="Left" celllabelalignment="Left" labelwidth="115" columns="1" showbar="false" ordinalvalue="0">
                          <rows>
                            <row>
                              <cell id="{ea280ada-e01f-4b7d-8ad3-187fea04b7b2}" ordinalvalue="10000">
                                <labels>
                                  <label description="Name" languagecode="1033" solutionaction="Added" />
                                </labels>
                              </cell>
                            </row>
                            <row>
                              <cell id="{e2cb050e-0e26-3988-32b6-b27093ad6805}" showlabel="true" locklevel="0" ordinalvalue="10001">
                                <labels>
                                  <label description="Description" languagecode="1033" solutionaction="Added" />
                                </labels>
                              </cell>
                            </row>
                            <row>
                              <cell id="{07e4bee4-e627-6ed5-c787-069076ed1d7e}" showlabel="true" locklevel="1" ordinalvalue="10002">
                                <labels>
                                  <label description="Customer" languagecode="1033" solutionaction="Added" />
                                </labels>
                              </cell>
                            </row>
                            <row>
                              <cell id="{45b28372-842d-3730-a74c-b2628919e698}" showlabel="true" locklevel="0" ordinalvalue="10004">
                                <labels>
                                  <label description="Currency" languagecode="1033" solutionaction="Added" />
                                </labels>
                              </cell>
                            </row>
                            <row>
                              <cell id="{e0516dba-a82a-11d8-7e72-1b99e55192c4}" showlabel="true" locklevel="0" ordinalvalue="10005">
                                <labels>
                                  <label description="Contracting Unit" languagecode="1033" solutionaction="Added" />
                                </labels>
                              </cell>
                            </row>
                            <row>
                              <cell id="{87dd9a22-b650-5b39-8d80-56d0a76372c0}" showlabel="true" locklevel="0" visible="true" ordinalvalue="10007" solutionaction="Modified">
                                <control id="msdyn_scheduler" classid="{3EF39988-22BB-4f0b-BBBE-64B5A3748AEE}" datafieldname="msdyn_scheduler" disabled="false" solutionaction="Modified" />
                              </cell>
                            </row>
                            <row>
                              <cell id="{97ac332c-49c4-0694-3ad2-2d263b586dc8}" showlabel="true" locklevel="0" ordinalvalue="10008">
                                <labels>
                                  <label description="Project manager" languagecode="1033" solutionaction="Added" />
                                </labels>
                              </cell>
                            </row>
                            <row>
                              <cell id="{3dc6d07e-d585-4b78-b57b-bb5cccaeddbc}" showlabel="true" locklevel="1" visible="false" ordinalvalue="10010" solutionaction="Modified">
                                <labels>
                                  <label description="Owner" languagecode="1033" solutionaction="Added" />
                                </labels>
                              </cell>
                            </row>
                            <row>
                              <cell id="{fc6d9bd6-773c-43ce-a96a-62d510bd87eb}" locklevel="0" colspan="1" rowspan="1" ordinalvalue="10009" solutionaction="Added">
                                <labels>
                                  <label description="Budget Approver" languagecode="1033" />
                                </labels>
                                <control id="promx_budgetapprover" classid="{270BD3DB-D9AF-4782-9025-509E298DEC0A}" datafieldname="promx_budgetapprover" disabled="false" />
                              </cell>
                            </row>
                          </rows>
                        </section>
                        <section name="Summary_section_4" showlabel="true" showbar="false" locklevel="0" id="{ca1e287b-4044-8188-a25d-b61b26064594}" IsUserDefined="0" layout="varwidth" columns="1" labelwidth="115" celllabelalignment="Left" celllabelposition="Left" ordinalvalue="2">
                          <rows>
                            <row>
                              <cell id="{ab491196-502e-e28b-0217-93905474e4a2}" showlabel="true" locklevel="0" ordinalvalue="10000">
                                <labels>
                                  <label description="Overall Project Status" languagecode="1033" solutionaction="Added" />
                                </labels>
                              </cell>
                            </row>
                            <row>
                              <cell id="{dd2623e8-2a72-b1ba-4463-add8da2b1671}" showlabel="true" locklevel="0" ordinalvalue="10001">
                                <labels>
                                  <label description="Comments" languagecode="1033" solutionaction="Added" />
                                </labels>
                              </cell>
                            </row>
                            <row>
                              <cell id="{386873d9-c305-8159-a953-9800092655a6}" showlabel="true" locklevel="0" ordinalvalue="10002">
                                <labels>
                                  <label description="Status Updated On" languagecode="1033" solutionaction="Added" />
                                </labels>
                              </cell>
                            </row>
                            <row>
                              <cell id="{a1890cc5-e596-64d8-aeeb-7a286407d2dd}" showlabel="true" locklevel="1" ordinalvalue="10003">
                                <labels>
                                  <label description="Schedule Performance (Current Plan)" languagecode="1033" solutionaction="Added" />
                                </labels>
                              </cell>
                            </row>
                            <row>
                              <cell id="{1337058c-adb7-56a0-8dc7-96c0489112a9}" showlabel="true" locklevel="0" ordinalvalue="10004">
                                <labels>
                                  <label description="Cost Performance (Current Plan)" languagecode="1033" solutionaction="Added" />
                                </labels>
                              </cell>
                            </row>
                          </rows>
                        </section>
                      </sections>
                    </column>
                    <column width="32%" id="1">
                      <sections>
                        <section id="{268011a4-c806-444e-0081-a57540dea520}" name="{ac4158d2-008d-4b6d-8e11-58c9ab47b14b}_section_4" showlabel="true" locklevel="0" IsUserDefined="0" celllabelposition="Left" celllabelalignment="Left" labelwidth="115" columns="1" showbar="false" layout="varwidth" ordinalvalue="0">
                          <rows>
                            <row>
                              <cell id="{89b01532-b7c2-7a4d-7e9c-b992c016175d}" showlabel="true" locklevel="0" ordinalvalue="10003">
                                <labels>
                                  <label description="Estimated Labor Cost" languagecode="1033" solutionaction="Added" />
                                </labels>
                              </cell>
                            </row>
                            <row>
                              <cell id="{5be2a432-b098-655e-5d72-ca20ce171b94}" showlabel="true" locklevel="0" ordinalvalue="10004">
                                <labels>
                                  <label description="Estimated Expense Cost" languagecode="1033" solutionaction="Added" />
                                </labels>
                              </cell>
                            </row>
                            <row>
                              <cell id="{395e8b4c-12eb-1e48-e3ed-bb3aa1cd8b1d}" showlabel="true" locklevel="0" ordinalvalue="10006">
                                <labels>
                                  <label description="Estimated Total Cost" languagecode="1033" solutionaction="Added" />
                                </labels>
                              </cell>
                            </row>
                          </rows>
                        </section>
                      </sections>
                    </column>
                    <column width="28%" id="2">
                      <sections>
                        <section id="{dd3a16bd-a235-139d-862d-96b30ac74e1a}" name="{ac4158d2-008d-4b6d-8e11-58c9ab47b14b}_section_5" showlabel="true" locklevel="0" IsUserDefined="0" celllabelposition="Left" celllabelalignment="Left" labelwidth="115" columns="1" showbar="false" layout="varwidth" ordinalvalue="0">
                          <rows>
                            <row>
                              <cell id="{64941be6-3457-23c8-d8d3-9e1743dc4b43}" showlabel="true" locklevel="0" ordinalvalue="10003">
                                <labels>
                                  <label description="Actual Labor Cost" languagecode="1033" solutionaction="Added" />
                                </labels>
                              </cell>
                            </row>
                            <row>
                              <cell id="{8a5042ce-7d03-3e93-7467-653e4d691c5a}" showlabel="true" locklevel="0" ordinalvalue="10004">
                                <labels>
                                  <label description="Actual Expense Cost" languagecode="1033" solutionaction="Added" />
                                </labels>
                              </cell>
                            </row>
                            <row>
                              <cell id="{b744a946-e9a3-be0e-abbe-e71d3bb0c024}" showlabel="true" locklevel="0" ordinalvalue="10006">
                                <labels>
                                  <label description="Actual Total Cost" languagecode="1033" solutionaction="Added" />
                                </labels>
                              </cell>
                            </row>
                          </rows>
                        </section>
                      </sections>
                    </column>
                  </columns>
                </tab>
              </tabs>
              <header id="{bcffd101-82b0-408c-9f2a-0d0734a2ff3e}" celllabelposition="Top" celllabelalignment="Left" labelwidth="250" columns="1111">
                <rows>
                  <row>
                    <cell id="{e5a64c5d-77a8-b301-d2c3-44348ecd2271}" showlabel="true" locklevel="0" ordinalvalue="20001">
                      <labels>
                        <label description="Estimated Labor Cost" languagecode="1033" solutionaction="Added" />
                      </labels>
                    </cell>
                    <cell id="{d7666e03-4e53-b943-e357-e191e9acd4ee}" showlabel="true" locklevel="0" ordinalvalue="30002">
                      <labels>
                        <label description="Cost Consumption %" languagecode="1033" solutionaction="Added" />
                      </labels>
                    </cell>
                  </row>
                </rows>
              </header>
              <footer id="{4b16edb2-76fb-465a-abe7-761b5b4306a2}" celllabelposition="Top" columns="111" labelwidth="115" celllabelalignment="Left" solutionaction="Added">
                <rows />
              </footer>
            </form>
            <LocalizedNames>
              <LocalizedName description="Information" languagecode="1033" />
            </LocalizedNames>
            <Descriptions>
              <Description description="A form for this entity." languagecode="1033" />
            </Descriptions>
          </systemform>
        </forms>
      </FormXml>
      <RibbonDiffXml>
        <CustomActions>
          <CustomAction Id="promx.msdyn_project.Button2.Button.dev1.EntityDisplayName.RunWebHookForm.Button.CustomAction" Location="Mscrm.Form.msdyn_project.MainTab.Save.Controls._children" Sequence="70">
            <CommandUIDefinition>
              <Button Command="promx.msdyn_project.Button2.Button.dev1.EntityDisplayName.RunWebHookForm.Button" Description="{&quot;smartbuttonid&quot;:&quot;smartbutton.runwebhook&quot;,&quot;Title&quot;:&quot;Submit Budget&quot;,&quot;webhookurl&quot;:&quot;https://prod-41.westus.logic.azure.com:443/workflows/2c74d2d2e5644a8c8e9945fdce051e0c/triggers/manual/paths/invoke?api-version=2016-06-01&amp;sp=%2Ftriggers%2Fmanual%2Frun&amp;sv=1.0&amp;sig=ZTjB_O_Wa4OFt7cds-1YYVzIG3WybTMHtqZEBGaE4Bs&quot;,&quot;confirm&quot;:&quot;Are you sure you want to submit the budget for approval?&quot;}" Id="promx.msdyn_project.Button2.Button.dev1.EntityDisplayName.RunWebHookForm.Button" Image32by32="$webresource:dev1_/images/webhook.png" Image16by16="$webresource:dev1_/images/webhook.png" LabelText="$LocLabels:promx.msdyn_project.Button2.Button.dev1.EntityDisplayName.RunWebHookForm.Button.LabelText" Sequence="70" TemplateAlias="o2" ModernImage="$webresource:dev1_/images/webhook.svg" />
            </CommandUIDefinition>
          </CustomAction>
        </CustomActions>
        <Templates>
          <RibbonTemplates Id="Mscrm.Templates"></RibbonTemplates>
        </Templates>
        <CommandDefinitions>
          <CommandDefinition Id="promx.msdyn_project.Button2.Button.dev1.EntityDisplayName.RunWebHookForm.Button">
            <EnableRules>
              <EnableRule Id="Mscrm.FormStateNotNew" />
            </EnableRules>
            <DisplayRules />
            <Actions>
              <JavaScriptFunction FunctionName="SmartButtons.ClientHooks.SmartButtons.RunWebHookSingle" Library="$webresource:dev1_/js/SmartButtons.ClientHooks.js">
                <StringParameter Value="https://prod-41.westus.logic.azure.com:443/workflows/2c74d2d2e5644a8c8e9945fdce051e0c/triggers/manual/paths/invoke?api-version=2016-06-01&amp;sp=%2Ftriggers%2Fmanual%2Frun&amp;sv=1.0&amp;sig=ZTjB_O_Wa4OFt7cds-1YYVzIG3WybTMHtqZEBGaE4Bs" />
                <CrmParameter Value="PrimaryItemIds" />
                <StringParameter Value="Are you sure you want to submit the budget for approval?" />
                <StringParameter Value="" />
                <StringParameter Value="" />
                <CrmParameter Value="PrimaryControl" />
                <CrmParameter Value="SelectedControl" />
              </JavaScriptFunction>
            </Actions>
          </CommandDefinition>
        </CommandDefinitions>
        <RuleDefinitions>
          <TabDisplayRules />
          <DisplayRules />
          <EnableRules />
        </RuleDefinitions>
        <LocLabels>
          <LocLabel Id="promx.msdyn_project.Button2.Button.dev1.EntityDisplayName.RunWebHookForm.Button.LabelText">
            <Titles>
              <Title description="Submit Budget" languagecode="1033" />
            </Titles>
          </LocLabel>
        </LocLabels>
      </RibbonDiffXml>
    </Entity>
    <Entity>
      <Name LocalizedName="User" OriginalName="">SystemUser</Name>
      <RibbonDiffXml>
        <CustomActions />
        <Templates>
          <RibbonTemplates Id="Mscrm.Templates"></RibbonTemplates>
        </Templates>
        <CommandDefinitions />
        <RuleDefinitions>
          <TabDisplayRules />
          <DisplayRules />
          <EnableRules />
        </RuleDefinitions>
        <LocLabels />
      </RibbonDiffXml>
    </Entity>
  </Entities>
  <Roles></Roles>
  <Workflows>
    <Workflow WorkflowId="{ceb1f824-bb0e-ee11-8f6d-0022482434c6}" Name="Budget Modern Approvals Demo">
      <JsonFileName>/Workflows/BudgetModernApprovalsDemo-CEB1F824-BB0E-EE11-8F6D-0022482434C6.json</JsonFileName>
      <Type>1</Type>
      <Subprocess>0</Subprocess>
      <Category>5</Category>
      <Mode>0</Mode>
      <Scope>4</Scope>
      <OnDemand>0</OnDemand>
      <TriggerOnCreate>0</TriggerOnCreate>
      <TriggerOnDelete>0</TriggerOnDelete>
      <AsyncAutodelete>0</AsyncAutodelete>
      <SyncWorkflowLogOnFailure>0</SyncWorkflowLogOnFailure>
      <StateCode>1</StateCode>
      <StatusCode>2</StatusCode>
      <RunAs>1</RunAs>
      <IsTransacted>1</IsTransacted>
      <IntroducedVersion>1.0.0.0</IntroducedVersion>
      <IsCustomizable>1</IsCustomizable>
      <BusinessProcessType>0</BusinessProcessType>
      <IsCustomProcessingStepAllowedForOtherPublishers>1</IsCustomProcessingStepAllowedForOtherPublishers>
      <PrimaryEntity>none</PrimaryEntity>
      <LocalizedNames>
        <LocalizedName languagecode="1033" description="Budget Modern Approvals Demo" />
      </LocalizedNames>
    </Workflow>
  </Workflows>
  <FieldSecurityProfiles></FieldSecurityProfiles>
  <Templates />
  <EntityMaps />
  <EntityRelationships>
    <EntityRelationship Name="promx_msdyn_project_BudgetApprover_systemuser">
      <EntityRelationshipType>OneToMany</EntityRelationshipType>
      <IsCustomizable>1</IsCustomizable>
      <IntroducedVersion>1.0.0.0</IntroducedVersion>
      <IsHierarchical>0</IsHierarchical>
      <ReferencingEntityName>msdyn_project</ReferencingEntityName>
      <ReferencedEntityName>SystemUser</ReferencedEntityName>
      <CascadeAssign>NoCascade</CascadeAssign>
      <CascadeDelete>RemoveLink</CascadeDelete>
      <CascadeArchive>RemoveLink</CascadeArchive>
      <CascadeReparent>NoCascade</CascadeReparent>
      <CascadeShare>NoCascade</CascadeShare>
      <CascadeUnshare>NoCascade</CascadeUnshare>
      <CascadeRollupView>NoCascade</CascadeRollupView>
      <IsValidForAdvancedFind>1</IsValidForAdvancedFind>
      <ReferencingAttributeName>promx_BudgetApprover</ReferencingAttributeName>
      <RelationshipDescription>
        <Descriptions>
          <Description description="Indicate the user who needs to approve / reject budgets for this Project." languagecode="1033" />
        </Descriptions>
      </RelationshipDescription>
      <EntityRelationshipRoles>
        <EntityRelationshipRole>
          <NavPaneDisplayOption>UseCollectionName</NavPaneDisplayOption>
          <NavPaneArea>Details</NavPaneArea>
          <NavPaneOrder>10000</NavPaneOrder>
          <NavigationPropertyName>promx_BudgetApprover</NavigationPropertyName>
          <RelationshipRoleType>1</RelationshipRoleType>
        </EntityRelationshipRole>
        <EntityRelationshipRole>
          <NavigationPropertyName>promx_msdyn_project_BudgetApprover_systemuser</NavigationPropertyName>
          <RelationshipRoleType>0</RelationshipRoleType>
        </EntityRelationshipRole>
      </EntityRelationshipRoles>
    </EntityRelationship>
  </EntityRelationships>
  <OrganizationSettings />
  <optionsets />
  <CustomControls />
  <SolutionPluginAssemblies>
    <PluginAssembly FullName="D365.CustomAPI.ProjOpsBudgetDemos, Version=1.0.0.0, Culture=neutral, PublicKeyToken=01c72d5e2c151633" PluginAssemblyId="0e1387f0-e9e0-456b-9f31-cd7662b1f575" CustomizationLevel="1">
      <IsolationMode>2</IsolationMode>
      <SourceType>0</SourceType>
      <IntroducedVersion>1.0</IntroducedVersion>
      <FileName>/PluginAssemblies/D365CustomAPIProjOpsBudgetDemos-0E1387F0-E9E0-456B-9F31-CD7662B1F575/D365CustomAPIProjOpsBudgetDemos.dll</FileName>
      <PluginTypes>
        <PluginType AssemblyQualifiedName="D365.CustomAPI.ProjOpsBudgetDemos.ExecuteBudgetCustomAPIs, D365.CustomAPI.ProjOpsBudgetDemos, Version=1.0.0.0, Culture=neutral, PublicKeyToken=01c72d5e2c151633" PluginTypeId="e351fa3f-6e57-48b9-8688-4829883b7e74" Name="D365.CustomAPI.ProjOpsBudgetDemos.ExecuteBudgetCustomAPIs">
          <FriendlyName>1aeb987c-17b4-4b45-ae7c-cc53d939d30b</FriendlyName>
        </PluginType>
      </PluginTypes>
    </PluginAssembly>
  </SolutionPluginAssemblies>
  <EntityDataProviders />
  <connectionreferences>
    <connectionreference connectionreferencelogicalname="promx_sharedapprovals_4f824">
      <connectionreferencedisplayname>Approvals CXSummitDemos-4f824</connectionreferencedisplayname>
      <connectorid>/providers/Microsoft.PowerApps/apis/shared_approvals</connectorid>
      <iscustomizable>1</iscustomizable>
      <statecode>0</statecode>
      <statuscode>1</statuscode>
    </connectionreference>
  </connectionreferences>
  <Languages>
    <Language>1033</Language>
  </Languages>
</ImportExportXml>