<ImportExportXml version="9.2.23053.250" SolutionPackageVersion="9.2" languagecode="1033" generatedBy="CrmLive" xmlns:xsi="http://www.w3.org/2001/XMLSchema-instance">
  <SolutionManifest>
    <UniqueName>CXSummitDemos</UniqueName>
    <LocalizedNames>
      <LocalizedName description="CX Summit Demos" languagecode="1033" />
    </LocalizedNames>
    <Descriptions />
    <Version>1.0.0.1</Version>
    <Managed>1</Managed>
    <Publisher>
      <UniqueName>promx</UniqueName>
      <LocalizedNames>
        <LocalizedName description="proMX AG" languagecode="1033" />
      </LocalizedNames>
      <Descriptions>
        <Description description="proMX AG is Microsoft Gold Partner Located in Germany and operating all over the world. For more information for the publisher company, please visit www.promx.net" languagecode="1033" />
      </Descriptions>
      <EMailAddress>isv@promx.net</EMailAddress>
      <SupportingWebsiteUrl>http://promx.net</SupportingWebsiteUrl>
      <CustomizationPrefix>promx</CustomizationPrefix>
      <CustomizationOptionValuePrefix>79628</CustomizationOptionValuePrefix>
      <Addresses>
        <Address>
          <AddressNumber>1</AddressNumber>
          <AddressTypeCode>1</AddressTypeCode>
          <City>Nuremburg</City>
          <County xsi:nil="true"></County>
          <Country>Germany</Country>
          <Fax xsi:nil="true"></Fax>
          <FreightTermsCode xsi:nil="true"></FreightTermsCode>
          <ImportSequenceNumber xsi:nil="true"></ImportSequenceNumber>
          <Latitude xsi:nil="true"></Latitude>
          <Line1>Kleinreuther Weg 87</Line1>
          <Line2 xsi:nil="true"></Line2>
          <Line3 xsi:nil="true"></Line3>
          <Longitude xsi:nil="true"></Longitude>
          <Name xsi:nil="true"></Name>
          <PostalCode>90408</PostalCode>
          <PostOfficeBox xsi:nil="true"></PostOfficeBox>
          <PrimaryContactName xsi:nil="true"></PrimaryContactName>
          <ShippingMethodCode>1</ShippingMethodCode>
          <StateOrProvince xsi:nil="true"></StateOrProvince>
          <Telephone1 xsi:nil="true"></Telephone1>
          <Telephone2 xsi:nil="true"></Telephone2>
          <Telephone3 xsi:nil="true"></Telephone3>
          <TimeZoneRuleVersionNumber xsi:nil="true"></TimeZoneRuleVersionNumber>
          <UPSZone xsi:nil="true"></UPSZone>
          <UTCOffset xsi:nil="true"></UTCOffset>
          <UTCConversionTimeZoneCode xsi:nil="true"></UTCConversionTimeZoneCode>
        </Address>
        <Address>
          <AddressNumber>2</AddressNumber>
          <AddressTypeCode>1</AddressTypeCode>
          <City xsi:nil="true"></City>
          <County xsi:nil="true"></County>
          <Country xsi:nil="true"></Country>
          <Fax xsi:nil="true"></Fax>
          <FreightTermsCode xsi:nil="true"></FreightTermsCode>
          <ImportSequenceNumber xsi:nil="true"></ImportSequenceNumber>
          <Latitude xsi:nil="true"></Latitude>
          <Line1 xsi:nil="true"></Line1>
          <Line2 xsi:nil="true"></Line2>
          <Line3 xsi:nil="true"></Line3>
          <Longitude xsi:nil="true"></Longitude>
          <Name xsi:nil="true"></Name>
          <PostalCode xsi:nil="true"></PostalCode>
          <PostOfficeBox xsi:nil="true"></PostOfficeBox>
          <PrimaryContactName xsi:nil="true"></PrimaryContactName>
          <ShippingMethodCode>1</ShippingMethodCode>
          <StateOrProvince xsi:nil="true"></StateOrProvince>
          <Telephone1 xsi:nil="true"></Telephone1>
          <Telephone2 xsi:nil="true"></Telephone2>
          <Telephone3 xsi:nil="true"></Telephone3>
          <TimeZoneRuleVersionNumber xsi:nil="true"></TimeZoneRuleVersionNumber>
          <UPSZone xsi:nil="true"></UPSZone>
          <UTCOffset xsi:nil="true"></UTCOffset>
          <UTCConversionTimeZoneCode xsi:nil="true"></UTCConversionTimeZoneCode>
        </Address>
      </Addresses>
    </Publisher>
    <RootComponents>
      <RootComponent type="1" schemaName="msdyn_project" behavior="2" />
      <RootComponent type="1" schemaName="systemuser" behavior="1" />
      <RootComponent type="29" id="{ceb1f824-bb0e-ee11-8f6d-0022482434c6}" behavior="0" />
      <RootComponent type="91" id="{0e1387f0-e9e0-456b-9f31-cd7662b1f575}" schemaName="D365.CustomAPI.ProjOpsBudgetDemos, Version=1.0.0.0, Culture=neutral, PublicKeyToken=01c72d5e2c151633" behavior="0" />
    </RootComponents>
    <MissingDependencies>
      <MissingDependency>
        <Required type="1" schemaName="msdyn_aiassistedreport" displayName="AI Assisted Report" solution="ProjectService (4.72.0.273)">
          <package>ProjectOperations_Anchor (4.72.0.273)</package>
        </Required>
        <Dependent type="60" displayName="Information" parentDisplayName="Project" id="{105ef076-a72a-4382-bde5-35e3c3d9db40}" />
      </MissingDependency>
      <MissingDependency>
        <Required type="1" schemaName="msdyn_budget" displayName="Project Budget" solution="ProjectService (4.72.0.273)">
          <package>ProjectOperations_Anchor (4.72.0.273)</package>
        </Required>
        <Dependent type="60" displayName="Information" parentDisplayName="Project" id="{105ef076-a72a-4382-bde5-35e3c3d9db40}" />
      </MissingDependency>
      <MissingDependency>
        <Required type="1" schemaName="msdyn_budgetline" displayName="Project Budget Line" solution="ProjectService (4.72.0.273)">
          <package>ProjectOperations_Anchor (4.72.0.273)</package>
        </Required>
        <Dependent type="60" displayName="Information" parentDisplayName="Project" id="{105ef076-a72a-4382-bde5-35e3c3d9db40}" />
      </MissingDependency>
      <MissingDependency>
        <Required type="1" schemaName="msdyn_estimate" displayName="Estimate" solution="ProjectService (4.72.0.273)">
          <package>ProjectOperations_Anchor (4.72.0.273)</package>
        </Required>
        <Dependent type="60" displayName="Information" parentDisplayName="Project" id="{105ef076-a72a-4382-bde5-35e3c3d9db40}" />
      </MissingDependency>
      <MissingDependency>
        <Required type="1" schemaName="msdyn_project" displayName="Project" solution="msdyn_ProjectServiceCore (1.0.0.87)">
          <package>ProjectOperations_Anchor (4.72.0.273)</package>
        </Required>
        <Dependent type="1" schemaName="msdyn_project" displayName="Project" />
      </MissingDependency>
      <MissingDependency>
        <Required type="1" schemaName="msdyn_project" displayName="Project" solution="msdyn_ProjectServiceCore (1.0.0.87)">
          <package>ProjectOperations_Anchor (4.72.0.273)</package>
        </Required>
        <Dependent type="10" schemaName="msdyn_systemuser_msdyn_project_projectmanager" displayName="msdyn_systemuser_msdyn_project_projectmanager" parentSchemaName="systemuser" parentDisplayName="User" />
      </MissingDependency>
      <MissingDependency>
        <Required type="1" schemaName="msdyn_project" displayName="Project" solution="msdyn_ProjectServiceCore (1.0.0.87)">
          <package>ProjectOperations_Anchor (4.72.0.273)</package>
        </Required>
        <Dependent type="2" schemaName="promx_budgetapprover" displayName="Budget Approver" parentSchemaName="msdyn_project" parentDisplayName="Project" />
      </MissingDependency>
      <MissingDependency>
        <Required type="1" schemaName="msdyn_project" displayName="Project" solution="msdyn_ProjectServiceCore (1.0.0.87)">
          <package>ProjectOperations_Anchor (4.72.0.273)</package>
        </Required>
        <Dependent type="29" displayName="Budget Modern Approvals Demo" id="{ceb1f824-bb0e-ee11-8f6d-0022482434c6}" />
      </MissingDependency>
      <MissingDependency>
        <Required type="1" schemaName="msdyn_projectcontractlinetask" displayName="Project Contract Line Task" solution="ProjectService (4.72.0.273)">
          <package>ProjectOperations_Anchor (4.72.0.273)</package>
        </Required>
        <Dependent type="60" displayName="Information" parentDisplayName="Project" id="{105ef076-a72a-4382-bde5-35e3c3d9db40}" />
      </MissingDependency>
      <MissingDependency>
        <Required type="1" schemaName="msdyn_projectquotelinetask" displayName="Project Quote Line Task" solution="ProjectService (4.72.0.273)">
          <package>ProjectOperations_Anchor (4.72.0.273)</package>
        </Required>
        <Dependent type="60" displayName="Information" parentDisplayName="Project" id="{105ef076-a72a-4382-bde5-35e3c3d9db40}" />
      </MissingDependency>
      <MissingDependency>
        <Required type="1" schemaName="msdyn_projectrisk" displayName="Risk" solution="msdyn_ProjectServiceCore_Patch (1.0.72.224)">
          <package>ProjectOperations_Anchor (4.72.0.273)</package>
        </Required>
        <Dependent type="60" displayName="Information" parentDisplayName="Project" id="{105ef076-a72a-4382-bde5-35e3c3d9db40}" />
      </MissingDependency>
      <MissingDependency>
        <Required type="1" schemaName="msdyn_projecttask" displayName="Project Task" solution="msdyn_ProjectServiceCore (1.0.0.87)">
          <package>ProjectOperations_Anchor (4.72.0.273)</package>
        </Required>
        <Dependent type="60" displayName="Information" parentDisplayName="Project" id="{105ef076-a72a-4382-bde5-35e3c3d9db40}" />
      </MissingDependency>
      <MissingDependency>
        <Required type="1" schemaName="msdyn_projectteam" displayName="Project Team Member" solution="msdyn_ProjectServiceCore (1.0.0.87)">
          <package>ProjectOperations_Anchor (4.72.0.273)</package>
        </Required>
        <Dependent type="60" displayName="Information" parentDisplayName="Project" id="{105ef076-a72a-4382-bde5-35e3c3d9db40}" />
      </MissingDependency>
      <MissingDependency>
        <Required type="1" schemaName="msdyn_resourceassignment" displayName="Resource Assignment" solution="msdyn_ProjectServiceCore (1.0.0.87)">
          <package>ProjectOperations_Anchor (4.72.0.273)</package>
        </Required>
        <Dependent type="60" displayName="Information" parentDisplayName="Project" id="{105ef076-a72a-4382-bde5-35e3c3d9db40}" />
      </MissingDependency>
      <MissingDependency>
        <Required type="1" schemaName="quotedetail" displayName="Quote Line" solution="msdynce_Sales (9.0.4.0076)">
          <package>msdynce_SalesAnchor (9.0.23053.10003)</package>
        </Required>
        <Dependent type="60" displayName="Information" parentDisplayName="Project" id="{105ef076-a72a-4382-bde5-35e3c3d9db40}" />
      </MissingDependency>
      <MissingDependency>
        <Required type="1" schemaName="salesorderdetail" displayName="Order Line" solution="msdynce_Sales (9.0.4.0076)">
          <package>msdynce_SalesAnchor (9.0.23053.10003)</package>
        </Required>
        <Dependent type="60" displayName="Information" parentDisplayName="Project" id="{105ef076-a72a-4382-bde5-35e3c3d9db40}" />
      </MissingDependency>
      <MissingDependency>
        <Required type="10" schemaName="msdyn_account_msdyn_project_Customer" displayName="msdyn_account_msdyn_project_Customer" parentSchemaName="account" parentDisplayName="Account" solution="ProjectService (4.72.0.273)">
          <package>ProjectOperations_Anchor (4.72.0.273)</package>
        </Required>
        <Dependent type="60" displayName="Information" parentDisplayName="Project" id="{105ef076-a72a-4382-bde5-35e3c3d9db40}" />
      </MissingDependency>
      <MissingDependency>
        <Required type="10" schemaName="msdyn_msdyn_project_budget_msdyn_budget" displayName="msdyn_msdyn_project_budget_msdyn_budget" parentSchemaName="msdyn_budget" parentDisplayName="Project Budget" solution="ProjectService (4.72.0.273)">
          <package>ProjectOperations_Anchor (4.72.0.273)</package>
        </Required>
        <Dependent type="60" displayName="Information" parentDisplayName="Project" id="{105ef076-a72a-4382-bde5-35e3c3d9db40}" />
      </MissingDependency>
      <MissingDependency>
        <Required type="10" schemaName="msdyn_organizationalunit_project" displayName="msdyn_organizationalunit_project" parentSchemaName="msdyn_organizationalunit" parentDisplayName="Organizational Unit" solution="msdyn_ProjectServiceCore (1.0.0.87)">
          <package>ProjectOperations_Anchor (4.72.0.273)</package>
        </Required>
        <Dependent type="60" displayName="Information" parentDisplayName="Project" id="{105ef076-a72a-4382-bde5-35e3c3d9db40}" />
      </MissingDependency>
      <MissingDependency>
        <Required type="10" schemaName="msdyn_aiassistedreport_msdyn_project" displayName="msdyn_aiassistedreport_msdyn_project" parentSchemaName="msdyn_project" parentDisplayName="Project" solution="ProjectService (4.72.0.273)">
          <package>ProjectOperations_Anchor (4.72.0.273)</package>
        </Required>
        <Dependent type="60" displayName="Information" parentDisplayName="Project" id="{105ef076-a72a-4382-bde5-35e3c3d9db40}" />
      </MissingDependency>
      <MissingDependency>
        <Required type="10" schemaName="msdyn_msdyn_budget_project_msdyn_project" displayName="msdyn_msdyn_budget_project_msdyn_project" parentSchemaName="msdyn_project" parentDisplayName="Project" solution="ProjectService (4.72.0.273)">
          <package>ProjectOperations_Anchor (4.72.0.273)</package>
        </Required>
        <Dependent type="60" displayName="Information" parentDisplayName="Project" id="{105ef076-a72a-4382-bde5-35e3c3d9db40}" />
      </MissingDependency>
      <MissingDependency>
        <Required type="10" schemaName="msdyn_msdyn_budgetline_project_msdyn_project" displayName="msdyn_msdyn_budgetline_project_msdyn_project" parentSchemaName="msdyn_project" parentDisplayName="Project" solution="ProjectService (4.72.0.273)">
          <package>ProjectOperations_Anchor (4.72.0.273)</package>
        </Required>
        <Dependent type="60" displayName="Information" parentDisplayName="Project" id="{105ef076-a72a-4382-bde5-35e3c3d9db40}" />
      </MissingDependency>
      <MissingDependency>
        <Required type="10" schemaName="msdyn_msdyn_project_msdyn_actual_Project" displayName="msdyn_msdyn_project_msdyn_actual_Project" parentSchemaName="msdyn_project" parentDisplayName="Project" solution="ProjectService (4.72.0.273)">
          <package>ProjectOperations_Anchor (4.72.0.273)</package>
        </Required>
        <Dependent type="60" displayName="Information" parentDisplayName="Project" id="{105ef076-a72a-4382-bde5-35e3c3d9db40}" />
      </MissingDependency>
      <MissingDependency>
        <Required type="10" schemaName="msdyn_msdyn_project_msdyn_projectrisk_Project" displayName="msdyn_msdyn_project_msdyn_projectrisk_Project" parentSchemaName="msdyn_project" parentDisplayName="Project" solution="msdyn_ProjectServiceCore_Patch (1.0.72.224)">
          <package>ProjectOperations_Anchor (4.72.0.273)</package>
        </Required>
        <Dependent type="60" displayName="Information" parentDisplayName="Project" id="{105ef076-a72a-4382-bde5-35e3c3d9db40}" />
      </MissingDependency>
      <MissingDependency>
        <Required type="10" schemaName="msdyn_msdyn_project_msdyn_projecttask_project" displayName="msdyn_msdyn_project_msdyn_projecttask_project" parentSchemaName="msdyn_project" parentDisplayName="Project" solution="msdyn_ProjectServiceCore (1.0.0.87)">
          <package>ProjectOperations_Anchor (4.72.0.273)</package>
        </Required>
        <Dependent type="60" displayName="Information" parentDisplayName="Project" id="{105ef076-a72a-4382-bde5-35e3c3d9db40}" />
      </MissingDependency>
      <MissingDependency>
        <Required type="10" schemaName="msdyn_msdyn_project_msdyn_projectteam_project" displayName="msdyn_msdyn_project_msdyn_projectteam_project" parentSchemaName="msdyn_project" parentDisplayName="Project" solution="msdyn_ProjectServiceCore (1.0.0.87)">
          <package>ProjectOperations_Anchor (4.72.0.273)</package>
        </Required>
        <Dependent type="60" displayName="Information" parentDisplayName="Project" id="{105ef076-a72a-4382-bde5-35e3c3d9db40}" />
      </MissingDependency>
      <MissingDependency>
        <Required type="10" schemaName="msdyn_msdyn_project_quotedetail_Project" displayName="msdyn_msdyn_project_quotedetail_Project" parentSchemaName="msdyn_project" parentDisplayName="Project" solution="ProjectService (4.72.0.273)">
          <package>ProjectOperations_Anchor (4.72.0.273)</package>
        </Required>
        <Dependent type="60" displayName="Information" parentDisplayName="Project" id="{105ef076-a72a-4382-bde5-35e3c3d9db40}" />
      </MissingDependency>
      <MissingDependency>
        <Required type="10" schemaName="msdyn_msdyn_project_salesorderdetail_Project" displayName="msdyn_msdyn_project_salesorderdetail_Project" parentSchemaName="msdyn_project" parentDisplayName="Project" solution="ProjectService (4.72.0.273)">
          <package>ProjectOperations_Anchor (4.72.0.273)</package>
        </Required>
        <Dependent type="60" displayName="Information" parentDisplayName="Project" id="{105ef076-a72a-4382-bde5-35e3c3d9db40}" />
      </MissingDependency>
      <MissingDependency>
        <Required type="10" schemaName="msdyn_project_resourcerequirement" displayName="msdyn_project_resourcerequirement" parentSchemaName="msdyn_project" parentDisplayName="Project" solution="msdyn_ProjectServiceCore (1.0.0.87)">
          <package>ProjectOperations_Anchor (4.72.0.273)</package>
        </Required>
        <Dependent type="60" displayName="Information" parentDisplayName="Project" id="{105ef076-a72a-4382-bde5-35e3c3d9db40}" />
      </MissingDependency>
      <MissingDependency>
        <Required type="10" schemaName="msdyn_msdyn_workhourtemplate_msdyn_project_workhourtemplate" displayName="msdyn_msdyn_workhourtemplate_msdyn_project_workhourtemplate" parentSchemaName="msdyn_workhourtemplate" parentDisplayName="Work template" solution="msdyn_ProjectServiceCore (1.0.0.87)">
          <package>ProjectOperations_Anchor (4.72.0.273)</package>
        </Required>
        <Dependent type="60" displayName="Information" parentDisplayName="Project" id="{105ef076-a72a-4382-bde5-35e3c3d9db40}" />
      </MissingDependency>
      <MissingDependency>
        <Required type="10" schemaName="msdyn_systemuser_msdyn_project_pfwcreatedby" displayName="msdyn_systemuser_msdyn_project_pfwcreatedby" parentSchemaName="systemuser" parentDisplayName="User" solution="msdyn_ProjectServiceCore_Patch (1.0.72.224)">
          <package>ProjectOperations_Anchor (4.72.0.273)</package>
        </Required>
        <Dependent type="10" schemaName="msdyn_systemuser_msdyn_project_projectmanager" displayName="msdyn_systemuser_msdyn_project_projectmanager" parentSchemaName="systemuser" parentDisplayName="User" />
      </MissingDependency>
      <MissingDependency>
        <Required type="10" schemaName="msdyn_systemuser_msdyn_project_pfwmodifiedby" displayName="msdyn_systemuser_msdyn_project_pfwmodifiedby" parentSchemaName="systemuser" parentDisplayName="User" solution="msdyn_ProjectServiceCore_Patch (1.0.72.224)">
          <package>ProjectOperations_Anchor (4.72.0.273)</package>
        </Required>
        <Dependent type="10" schemaName="msdyn_systemuser_msdyn_project_projectmanager" displayName="msdyn_systemuser_msdyn_project_projectmanager" parentSchemaName="systemuser" parentDisplayName="User" />
      </MissingDependency>
      <MissingDependency>
        <Required type="10" schemaName="msdyn_systemuser_msdyn_project_projectmanager" displayName="msdyn_systemuser_msdyn_project_projectmanager" parentSchemaName="systemuser" parentDisplayName="User" solution="msdyn_ProjectServiceCore (1.0.0.87)">
          <package>ProjectOperations_Anchor (4.72.0.273)</package>
        </Required>
        <Dependent type="10" schemaName="msdyn_systemuser_msdyn_project_projectmanager" displayName="msdyn_systemuser_msdyn_project_projectmanager" parentSchemaName="systemuser" parentDisplayName="User" />
      </MissingDependency>
      <MissingDependency>
        <Required type="10" schemaName="msdyn_systemuser_msdyn_project_projectmanager" displayName="msdyn_systemuser_msdyn_project_projectmanager" parentSchemaName="systemuser" parentDisplayName="User" solution="msdyn_ProjectServiceCore (1.0.0.87)">
          <package>ProjectOperations_Anchor (4.72.0.273)</package>
        </Required>
        <Dependent type="60" displayName="Information" parentDisplayName="Project" id="{105ef076-a72a-4382-bde5-35e3c3d9db40}" />
      </MissingDependency>
      <MissingDependency>
        <Required type="2" schemaName="msdyn_project" displayName="Project" parentSchemaName="msdyn_budget" parentDisplayName="Project Budget" solution="ProjectService (4.72.0.273)">
          <package>ProjectOperations_Anchor (4.72.0.273)</package>
        </Required>
        <Dependent type="60" displayName="Information" parentDisplayName="Project" id="{105ef076-a72a-4382-bde5-35e3c3d9db40}" />
      </MissingDependency>
      <MissingDependency>
        <Required type="2" schemaName="msdyn_actualend" displayName="Actual Finish" parentSchemaName="msdyn_project" parentDisplayName="Project" solution="ProjectService (4.72.0.273)">
          <package>ProjectOperations_Anchor (4.72.0.273)</package>
        </Required>
        <Dependent type="60" displayName="Information" parentDisplayName="Project" id="{105ef076-a72a-4382-bde5-35e3c3d9db40}" />
      </MissingDependency>
      <MissingDependency>
        <Required type="2" schemaName="msdyn_actualexpensecost" displayName="Actual Expense Cost" parentSchemaName="msdyn_project" parentDisplayName="Project" solution="ProjectService (4.72.0.273)">
          <package>ProjectOperations_Anchor (4.72.0.273)</package>
        </Required>
        <Dependent type="60" displayName="Information" parentDisplayName="Project" id="{105ef076-a72a-4382-bde5-35e3c3d9db40}" />
      </MissingDependency>
      <MissingDependency>
        <Required type="2" schemaName="msdyn_actuallaborcost" displayName="Actual Labor Cost" parentSchemaName="msdyn_project" parentDisplayName="Project" solution="ProjectService (4.72.0.273)">
          <package>ProjectOperations_Anchor (4.72.0.273)</package>
        </Required>
        <Dependent type="60" displayName="Information" parentDisplayName="Project" id="{105ef076-a72a-4382-bde5-35e3c3d9db40}" />
      </MissingDependency>
      <MissingDependency>
        <Required type="2" schemaName="msdyn_actualmaterialcost" displayName="Actual Material Cost" parentSchemaName="msdyn_project" parentDisplayName="Project" solution="ProjectService (4.72.0.273)">
          <package>ProjectOperations_Anchor (4.72.0.273)</package>
        </Required>
        <Dependent type="60" displayName="Information" parentDisplayName="Project" id="{105ef076-a72a-4382-bde5-35e3c3d9db40}" />
      </MissingDependency>
      <MissingDependency>
        <Required type="2" schemaName="msdyn_actualstart" displayName="Actual Start" parentSchemaName="msdyn_project" parentDisplayName="Project" solution="ProjectService (4.72.0.273)">
          <package>ProjectOperations_Anchor (4.72.0.273)</package>
        </Required>
        <Dependent type="60" displayName="Information" parentDisplayName="Project" id="{105ef076-a72a-4382-bde5-35e3c3d9db40}" />
      </MissingDependency>
      <MissingDependency>
        <Required type="2" schemaName="msdyn_budget" displayName="Budget" parentSchemaName="msdyn_project" parentDisplayName="Project" solution="ProjectService (4.72.0.273)">
          <package>ProjectOperations_Anchor (4.72.0.273)</package>
        </Required>
        <Dependent type="60" displayName="Information" parentDisplayName="Project" id="{105ef076-a72a-4382-bde5-35e3c3d9db40}" />
      </MissingDependency>
      <MissingDependency>
        <Required type="2" schemaName="msdyn_comments" displayName="Comments" parentSchemaName="msdyn_project" parentDisplayName="Project" solution="msdyn_ProjectServiceCore (1.0.0.87)">
          <package>ProjectOperations_Anchor (4.72.0.273)</package>
        </Required>
        <Dependent type="60" displayName="Information" parentDisplayName="Project" id="{105ef076-a72a-4382-bde5-35e3c3d9db40}" />
      </MissingDependency>
      <MissingDependency>
        <Required type="2" schemaName="msdyn_contractorganizationalunitid" displayName="Contracting Unit" parentSchemaName="msdyn_project" parentDisplayName="Project" solution="msdyn_ProjectServiceCore (1.0.0.87)">
          <package>ProjectOperations_Anchor (4.72.0.273)</package>
        </Required>
        <Dependent type="60" displayName="Information" parentDisplayName="Project" id="{105ef076-a72a-4382-bde5-35e3c3d9db40}" />
      </MissingDependency>
      <MissingDependency>
        <Required type="2" schemaName="msdyn_costconsumption" displayName="Cost Consumption %" parentSchemaName="msdyn_project" parentDisplayName="Project" solution="ProjectService (4.72.0.273)">
          <package>ProjectOperations_Anchor (4.72.0.273)</package>
        </Required>
        <Dependent type="60" displayName="Information" parentDisplayName="Project" id="{105ef076-a72a-4382-bde5-35e3c3d9db40}" />
      </MissingDependency>
      <MissingDependency>
        <Required type="2" schemaName="msdyn_costperformence" displayName="Cost Performance (Current Plan)" parentSchemaName="msdyn_project" parentDisplayName="Project" solution="ProjectService (4.72.0.273)">
          <package>ProjectOperations_Anchor (4.72.0.273)</package>
        </Required>
        <Dependent type="60" displayName="Information" parentDisplayName="Project" id="{105ef076-a72a-4382-bde5-35e3c3d9db40}" />
      </MissingDependency>
      <MissingDependency>
        <Required type="2" schemaName="msdyn_customer" displayName="Customer" parentSchemaName="msdyn_project" parentDisplayName="Project" solution="ProjectService (4.72.0.273)">
          <package>ProjectOperations_Anchor (4.72.0.273)</package>
        </Required>
        <Dependent type="60" displayName="Information" parentDisplayName="Project" id="{105ef076-a72a-4382-bde5-35e3c3d9db40}" />
      </MissingDependency>
      <MissingDependency>
        <Required type="2" schemaName="msdyn_description" displayName="Description" parentSchemaName="msdyn_project" parentDisplayName="Project" solution="msdyn_ProjectServiceCore_Patch (1.0.72.224)">
          <package>ProjectOperations_Anchor (4.72.0.273)</package>
        </Required>
        <Dependent type="60" displayName="Information" parentDisplayName="Project" id="{105ef076-a72a-4382-bde5-35e3c3d9db40}" />
      </MissingDependency>
      <MissingDependency>
        <Required type="2" schemaName="msdyn_effort" displayName="Effort (Hours)" parentSchemaName="msdyn_project" parentDisplayName="Project" solution="msdyn_ProjectServiceCore (1.0.0.87)">
          <package>ProjectOperations_Anchor (4.72.0.273)</package>
        </Required>
        <Dependent type="60" displayName="Information" parentDisplayName="Project" id="{105ef076-a72a-4382-bde5-35e3c3d9db40}" />
      </MissingDependency>
      <MissingDependency>
        <Required type="2" schemaName="msdyn_effortcompleted" displayName="Effort Completed (Hours)" parentSchemaName="msdyn_project" parentDisplayName="Project" solution="msdyn_ProjectServiceCore (1.0.0.87)">
          <package>ProjectOperations_Anchor (4.72.0.273)</package>
        </Required>
        <Dependent type="60" displayName="Information" parentDisplayName="Project" id="{105ef076-a72a-4382-bde5-35e3c3d9db40}" />
      </MissingDependency>
      <MissingDependency>
        <Required type="2" schemaName="msdyn_finish" displayName="Finish Date" parentSchemaName="msdyn_project" parentDisplayName="Project" solution="msdyn_ProjectServiceCore (1.0.0.87)">
          <package>ProjectOperations_Anchor (4.72.0.273)</package>
        </Required>
        <Dependent type="60" displayName="Information" parentDisplayName="Project" id="{105ef076-a72a-4382-bde5-35e3c3d9db40}" />
      </MissingDependency>
      <MissingDependency>
        <Required type="2" schemaName="msdyn_overallprojectstatus" displayName="Overall Project Status" parentSchemaName="msdyn_project" parentDisplayName="Project" solution="ProjectService (4.72.0.273)">
          <package>ProjectOperations_Anchor (4.72.0.273)</package>
        </Required>
        <Dependent type="60" displayName="Information" parentDisplayName="Project" id="{105ef076-a72a-4382-bde5-35e3c3d9db40}" />
      </MissingDependency>
      <MissingDependency>
        <Required type="2" schemaName="msdyn_pfwcreatedby" displayName="Project for the web CreatedBy" parentSchemaName="msdyn_project" parentDisplayName="Project" solution="msdyn_ProjectServiceCore_Patch (1.0.72.224)">
          <package>ProjectOperations_Anchor (4.72.0.273)</package>
        </Required>
        <Dependent type="10" schemaName="msdyn_systemuser_msdyn_project_projectmanager" displayName="msdyn_systemuser_msdyn_project_projectmanager" parentSchemaName="systemuser" parentDisplayName="User" />
      </MissingDependency>
      <MissingDependency>
        <Required type="2" schemaName="msdyn_pfwmodifiedby" displayName="Project for the web ModifiedBy" parentSchemaName="msdyn_project" parentDisplayName="Project" solution="msdyn_ProjectServiceCore_Patch (1.0.72.224)">
          <package>ProjectOperations_Anchor (4.72.0.273)</package>
        </Required>
        <Dependent type="10" schemaName="msdyn_systemuser_msdyn_project_projectmanager" displayName="msdyn_systemuser_msdyn_project_projectmanager" parentSchemaName="systemuser" parentDisplayName="User" />
      </MissingDependency>
      <MissingDependency>
        <Required type="2" schemaName="msdyn_plannedexpensecost" displayName="Estimated Expense Cost" parentSchemaName="msdyn_project" parentDisplayName="Project" solution="ProjectService (4.72.0.273)">
          <package>ProjectOperations_Anchor (4.72.0.273)</package>
        </Required>
        <Dependent type="60" displayName="Information" parentDisplayName="Project" id="{105ef076-a72a-4382-bde5-35e3c3d9db40}" />
      </MissingDependency>
      <MissingDependency>
        <Required type="2" schemaName="msdyn_plannedlaborcost" displayName="Estimated Labor Cost" parentSchemaName="msdyn_project" parentDisplayName="Project" solution="ProjectService (4.72.0.273)">
          <package>ProjectOperations_Anchor (4.72.0.273)</package>
        </Required>
        <Dependent type="60" displayName="Information" parentDisplayName="Project" id="{105ef076-a72a-4382-bde5-35e3c3d9db40}" />
      </MissingDependency>
      <MissingDependency>
        <Required type="2" schemaName="msdyn_plannedmaterialcost" displayName="Estimated Material Cost" parentSchemaName="msdyn_project" parentDisplayName="Project" solution="ProjectService (4.72.0.273)">
          <package>ProjectOperations_Anchor (4.72.0.273)</package>
        </Required>
        <Dependent type="60" displayName="Information" parentDisplayName="Project" id="{105ef076-a72a-4382-bde5-35e3c3d9db40}" />
      </MissingDependency>
      <MissingDependency>
        <Required type="2" schemaName="msdyn_progress" displayName="% Complete" parentSchemaName="msdyn_project" parentDisplayName="Project" solution="msdyn_ProjectServiceCore (1.0.0.87)">
          <package>ProjectOperations_Anchor (4.72.0.273)</package>
        </Required>
        <Dependent type="60" displayName="Information" parentDisplayName="Project" id="{105ef076-a72a-4382-bde5-35e3c3d9db40}" />
      </MissingDependency>
      <MissingDependency>
        <Required type="2" schemaName="msdyn_projectmanager" displayName="Project manager" parentSchemaName="msdyn_project" parentDisplayName="Project" solution="msdyn_ProjectServiceCore (1.0.0.87)">
          <package>ProjectOperations_Anchor (4.72.0.273)</package>
        </Required>
        <Dependent type="10" schemaName="msdyn_systemuser_msdyn_project_projectmanager" displayName="msdyn_systemuser_msdyn_project_projectmanager" parentSchemaName="systemuser" parentDisplayName="User" />
      </MissingDependency>
      <MissingDependency>
        <Required type="2" schemaName="msdyn_projectmanager" displayName="Project manager" parentSchemaName="msdyn_project" parentDisplayName="Project" solution="msdyn_ProjectServiceCore (1.0.0.87)">
          <package>ProjectOperations_Anchor (4.72.0.273)</package>
        </Required>
        <Dependent type="60" displayName="Information" parentDisplayName="Project" id="{105ef076-a72a-4382-bde5-35e3c3d9db40}" />
      </MissingDependency>
      <MissingDependency>
        <Required type="2" schemaName="msdyn_scheduledstart" displayName="Start Date" parentSchemaName="msdyn_project" parentDisplayName="Project" solution="msdyn_ProjectServiceCore (1.0.0.87)">
          <package>ProjectOperations_Anchor (4.72.0.273)</package>
        </Required>
        <Dependent type="60" displayName="Information" parentDisplayName="Project" id="{105ef076-a72a-4382-bde5-35e3c3d9db40}" />
      </MissingDependency>
      <MissingDependency>
        <Required type="2" schemaName="msdyn_schedulemode" displayName="Schedule mode" parentSchemaName="msdyn_project" parentDisplayName="Project" solution="msdyn_ProjectServiceCore_Patch (1.0.72.224)">
          <package>ProjectOperations_Anchor (4.72.0.273)</package>
        </Required>
        <Dependent type="60" displayName="Information" parentDisplayName="Project" id="{105ef076-a72a-4382-bde5-35e3c3d9db40}" />
      </MissingDependency>
      <MissingDependency>
        <Required type="2" schemaName="msdyn_scheduleperformance" displayName="Schedule Performance (Current Plan)" parentSchemaName="msdyn_project" parentDisplayName="Project" solution="ProjectService (4.72.0.273)">
          <package>ProjectOperations_Anchor (4.72.0.273)</package>
        </Required>
        <Dependent type="60" displayName="Information" parentDisplayName="Project" id="{105ef076-a72a-4382-bde5-35e3c3d9db40}" />
      </MissingDependency>
      <MissingDependency>
        <Required type="2" schemaName="msdyn_scheduler" displayName="Scheduling engine" parentSchemaName="msdyn_project" parentDisplayName="Project" solution="msdyn_ProjectServiceCore_Patch (1.0.72.224)">
          <package>ProjectOperations_Anchor (4.72.0.273)</package>
        </Required>
        <Dependent type="60" displayName="Information" parentDisplayName="Project" id="{105ef076-a72a-4382-bde5-35e3c3d9db40}" />
      </MissingDependency>
      <MissingDependency>
        <Required type="2" schemaName="msdyn_statusupdatedon" displayName="Status Updated On" parentSchemaName="msdyn_project" parentDisplayName="Project" solution="ProjectService (4.72.0.273)">
          <package>ProjectOperations_Anchor (4.72.0.273)</package>
        </Required>
        <Dependent type="60" displayName="Information" parentDisplayName="Project" id="{105ef076-a72a-4382-bde5-35e3c3d9db40}" />
      </MissingDependency>
      <MissingDependency>
        <Required type="2" schemaName="msdyn_subject" displayName="Name" parentSchemaName="msdyn_project" parentDisplayName="Project" solution="msdyn_ProjectServiceCore (1.0.0.87)">
          <package>ProjectOperations_Anchor (4.72.0.273)</package>
        </Required>
        <Dependent type="60" displayName="Information" parentDisplayName="Project" id="{105ef076-a72a-4382-bde5-35e3c3d9db40}" />
      </MissingDependency>
      <MissingDependency>
        <Required type="2" schemaName="msdyn_taskearlieststart" displayName="Earliest Start Date" parentSchemaName="msdyn_project" parentDisplayName="Project" solution="msdyn_ProjectServiceCore (1.0.0.87)">
          <package>ProjectOperations_Anchor (4.72.0.273)</package>
        </Required>
        <Dependent type="60" displayName="Information" parentDisplayName="Project" id="{105ef076-a72a-4382-bde5-35e3c3d9db40}" />
      </MissingDependency>
      <MissingDependency>
        <Required type="2" schemaName="msdyn_totalactualcost" displayName="Actual Total Cost" parentSchemaName="msdyn_project" parentDisplayName="Project" solution="ProjectService (4.72.0.273)">
          <package>ProjectOperations_Anchor (4.72.0.273)</package>
        </Required>
        <Dependent type="60" displayName="Information" parentDisplayName="Project" id="{105ef076-a72a-4382-bde5-35e3c3d9db40}" />
      </MissingDependency>
      <MissingDependency>
        <Required type="2" schemaName="msdyn_totalplannedcost" displayName="Estimated Total Cost" parentSchemaName="msdyn_project" parentDisplayName="Project" solution="ProjectService (4.72.0.273)">
          <package>ProjectOperations_Anchor (4.72.0.273)</package>
        </Required>
        <Dependent type="60" displayName="Information" parentDisplayName="Project" id="{105ef076-a72a-4382-bde5-35e3c3d9db40}" />
      </MissingDependency>
      <MissingDependency>
        <Required type="2" schemaName="msdyn_workhourtemplate" displayName="Work hour template" parentSchemaName="msdyn_project" parentDisplayName="Project" solution="msdyn_ProjectServiceCore (1.0.0.87)">
          <package>ProjectOperations_Anchor (4.72.0.273)</package>
        </Required>
        <Dependent type="60" displayName="Information" parentDisplayName="Project" id="{105ef076-a72a-4382-bde5-35e3c3d9db40}" />
      </MissingDependency>
      <MissingDependency>
        <Required type="2" schemaName="ownerid" displayName="Owner" parentSchemaName="msdyn_project" parentDisplayName="Project" solution="Active" />
        <Dependent type="60" displayName="Information" parentDisplayName="Project" id="{105ef076-a72a-4382-bde5-35e3c3d9db40}" />
      </MissingDependency>
      <MissingDependency>
        <Required type="2" schemaName="statuscode" displayName="Status Reason" parentSchemaName="msdyn_project" parentDisplayName="Project" solution="msdyn_ProjectServiceCore (1.0.0.87)">
          <package>ProjectOperations_Anchor (4.72.0.273)</package>
        </Required>
        <Dependent type="60" displayName="Information" parentDisplayName="Project" id="{105ef076-a72a-4382-bde5-35e3c3d9db40}" />
      </MissingDependency>
      <MissingDependency>
        <Required type="2" schemaName="transactioncurrencyid" displayName="Currency" parentSchemaName="msdyn_project" parentDisplayName="Project" solution="Active" />
        <Dependent type="60" displayName="Information" parentDisplayName="Project" id="{105ef076-a72a-4382-bde5-35e3c3d9db40}" />
      </MissingDependency>
      <MissingDependency>
        <Required type="2" schemaName="msdyn_task" displayName="Task" parentSchemaName="msdyn_projectcontractlinetask" parentDisplayName="Project Contract Line Task" solution="ProjectService (4.72.0.273)">
          <package>ProjectOperations_Anchor (4.72.0.273)</package>
        </Required>
        <Dependent type="60" displayName="Information" parentDisplayName="Project" id="{105ef076-a72a-4382-bde5-35e3c3d9db40}" />
      </MissingDependency>
      <MissingDependency>
        <Required type="2" schemaName="msdyn_task" displayName="Task" parentSchemaName="msdyn_projectquotelinetask" parentDisplayName="Project Quote Line Task" solution="ProjectService (4.72.0.273)">
          <package>ProjectOperations_Anchor (4.72.0.273)</package>
        </Required>
        <Dependent type="60" displayName="Information" parentDisplayName="Project" id="{105ef076-a72a-4382-bde5-35e3c3d9db40}" />
      </MissingDependency>
      <MissingDependency>
        <Required type="2" schemaName="msdyn_projectteamid" displayName="Project Team" parentSchemaName="msdyn_resourceassignment" parentDisplayName="Resource Assignment" solution="msdyn_ProjectServiceCore (1.0.0.87)">
          <package>ProjectOperations_Anchor (4.72.0.273)</package>
        </Required>
        <Dependent type="60" displayName="Information" parentDisplayName="Project" id="{105ef076-a72a-4382-bde5-35e3c3d9db40}" />
      </MissingDependency>
      <MissingDependency>
        <Required type="26" schemaName="Project Task Contract Line Mapping View" displayName="Project Task Contract Line Mapping View" parentSchemaName="msdyn_projectcontractlinetask" parentDisplayName="Project Contract Line Task" solution="ProjectService (4.72.0.273)" id="{0e27f95d-34bd-ea11-a81c-000d3af6a65a}">
          <package>ProjectOperations_Anchor (4.72.0.273)</package>
        </Required>
        <Dependent type="60" displayName="Information" parentDisplayName="Project" id="{105ef076-a72a-4382-bde5-35e3c3d9db40}" />
      </MissingDependency>
      <MissingDependency>
        <Required type="26" schemaName="All Project Tasks" displayName="All Project Tasks" parentSchemaName="msdyn_projecttask" parentDisplayName="Project Task" solution="msdyn_ProjectServiceCore (1.0.0.87)" id="{1a0f550d-9c2b-4007-82e0-e52c06f59c88}">
          <package>ProjectOperations_Anchor (4.72.0.273)</package>
        </Required>
        <Dependent type="60" displayName="Information" parentDisplayName="Project" id="{105ef076-a72a-4382-bde5-35e3c3d9db40}" />
      </MissingDependency>
      <MissingDependency>
        <Required type="26" schemaName="Project Task Phase View" displayName="Project Task Phase View" parentSchemaName="msdyn_projecttask" parentDisplayName="Project Task" solution="ProjectService (4.72.0.273)" id="{235a16fc-4971-e511-80f0-00155db99003}">
          <package>ProjectOperations_Anchor (4.72.0.273)</package>
        </Required>
        <Dependent type="60" displayName="Information" parentDisplayName="Project" id="{105ef076-a72a-4382-bde5-35e3c3d9db40}" />
      </MissingDependency>
      <MissingDependency>
        <Required type="26" schemaName="Budget" displayName="Budget" parentSchemaName="msdyn_budgetline" parentDisplayName="Project Budget Line" solution="ProjectService (4.72.0.273)" id="{2a952448-3285-4948-a5fc-1cd77998c935}">
          <package>ProjectOperations_Anchor (4.72.0.273)</package>
        </Required>
        <Dependent type="60" displayName="Information" parentDisplayName="Project" id="{105ef076-a72a-4382-bde5-35e3c3d9db40}" />
      </MissingDependency>
      <MissingDependency>
        <Required type="26" schemaName="Budget tracking" displayName="Budget tracking" parentSchemaName="msdyn_budgetline" parentDisplayName="Project Budget Line" solution="ProjectService (4.72.0.273)" id="{39c0f2d2-d69a-40ff-9744-9f40762a9fc3}">
          <package>ProjectOperations_Anchor (4.72.0.273)</package>
        </Required>
        <Dependent type="60" displayName="Information" parentDisplayName="Project" id="{105ef076-a72a-4382-bde5-35e3c3d9db40}" />
      </MissingDependency>
      <MissingDependency>
        <Required type="26" schemaName="Active Estimates" displayName="Active Estimates" parentSchemaName="msdyn_estimate" parentDisplayName="Estimate" solution="ProjectService (4.72.0.273)" id="{3f0e19fe-d82f-46e3-aa2d-3f2cff5fef43}">
          <package>ProjectOperations_Anchor (4.72.0.273)</package>
        </Required>
        <Dependent type="60" displayName="Information" parentDisplayName="Project" id="{105ef076-a72a-4382-bde5-35e3c3d9db40}" />
      </MissingDependency>
      <MissingDependency>
        <Required type="26" schemaName="Organizational Unit Lookup View" displayName="Organizational Unit Lookup View" parentSchemaName="msdyn_organizationalunit" parentDisplayName="Organizational Unit" solution="MicrosoftDynamicsScheduling (3.12.0.448)" id="{54ae6f6e-dc9d-4ede-b2d5-54a5b95b48b8}">
          <package>ProjectOperations_Anchor (4.72.0.273)</package>
        </Required>
        <Dependent type="60" displayName="Information" parentDisplayName="Project" id="{105ef076-a72a-4382-bde5-35e3c3d9db40}" />
      </MissingDependency>
      <MissingDependency>
        <Required type="26" schemaName="Work hour template Lookup View" displayName="Work hour template Lookup View" parentSchemaName="msdyn_workhourtemplate" parentDisplayName="Work template" solution="MicrosoftDynamicsScheduling (3.12.0.448)" id="{6240a128-ac89-4d2b-89f6-ba1cee63a1a3}">
          <package>ProjectOperations_Anchor (4.72.0.273)</package>
        </Required>
        <Dependent type="60" displayName="Information" parentDisplayName="Project" id="{105ef076-a72a-4382-bde5-35e3c3d9db40}" />
      </MissingDependency>
      <MissingDependency>
        <Required type="26" schemaName="Project Level Associations View" displayName="Project Level Associations View" parentSchemaName="salesorderdetail" parentDisplayName="Order Line" solution="ProjectService (4.72.0.273)" id="{6b8b4de6-28c0-ea11-a81e-000d3af6a65a}">
          <package>ProjectOperations_Anchor (4.72.0.273)</package>
        </Required>
        <Dependent type="60" displayName="Information" parentDisplayName="Project" id="{105ef076-a72a-4382-bde5-35e3c3d9db40}" />
      </MissingDependency>
      <MissingDependency>
        <Required type="26" parentSchemaName="msdyn_projecttask" parentDisplayName="Project Task" solution="ProjectService (4.72.0.273)" id="{748cd879-33bd-ea11-a81c-000d3af6a65a}">
          <package>ProjectOperations_Anchor (4.72.0.273)</package>
        </Required>
        <Dependent type="60" displayName="Information" parentDisplayName="Project" id="{105ef076-a72a-4382-bde5-35e3c3d9db40}" />
      </MissingDependency>
      <MissingDependency>
        <Required type="26" schemaName="Project Task Quote Line Mapping View" displayName="Project Task Quote Line Mapping View" parentSchemaName="msdyn_projectquotelinetask" parentDisplayName="Project Quote Line Task" solution="ProjectService (4.72.0.273)" id="{7563af09-34bd-ea11-a81c-000d3af6a65a}">
          <package>ProjectOperations_Anchor (4.72.0.273)</package>
        </Required>
        <Dependent type="60" displayName="Information" parentDisplayName="Project" id="{105ef076-a72a-4382-bde5-35e3c3d9db40}" />
      </MissingDependency>
      <MissingDependency>
        <Required type="26" schemaName="Project Budget Version View" displayName="Project Budget Version View" parentSchemaName="msdyn_budget" parentDisplayName="Project Budget" solution="ProjectService (4.72.0.273)" id="{7b46abf7-b177-ed11-81b3-6045bde42b5b}">
          <package>ProjectOperations_Anchor (4.72.0.273)</package>
        </Required>
        <Dependent type="60" displayName="Information" parentDisplayName="Project" id="{105ef076-a72a-4382-bde5-35e3c3d9db40}" />
      </MissingDependency>
      <MissingDependency>
        <Required type="26" schemaName="Project Budget Lines for Active In Review or Revised Budget" displayName="Project Budget Lines for Active In Review or Revised Budget" parentSchemaName="msdyn_budgetline" parentDisplayName="Project Budget Line" solution="ProjectService (4.72.0.273)" id="{7bdebaef-d2b6-464c-aaed-e763c0dd2d10}">
          <package>ProjectOperations_Anchor (4.72.0.273)</package>
        </Required>
        <Dependent type="60" displayName="Information" parentDisplayName="Project" id="{105ef076-a72a-4382-bde5-35e3c3d9db40}" />
      </MissingDependency>
      <MissingDependency>
        <Required type="26" schemaName="Project Subgrid View" displayName="Project Subgrid View" parentSchemaName="msdyn_aiassistedreport" parentDisplayName="AI Assisted Report" solution="ProjectService (4.72.0.273)" id="{94bee949-b5f5-ed11-8f6d-6045bd04f372}">
          <package>ProjectOperations_Anchor (4.72.0.273)</package>
        </Required>
        <Dependent type="60" displayName="Information" parentDisplayName="Project" id="{105ef076-a72a-4382-bde5-35e3c3d9db40}" />
      </MissingDependency>
      <MissingDependency>
        <Required type="26" schemaName="Order Product Inline Edit View" displayName="Order Product Inline Edit View" parentSchemaName="salesorderdetail" parentDisplayName="Order Line" solution="msdynce_Sales (9.0.4.0076)" id="{9ac6a187-5fb8-445c-914a-3b4a33c0017e}">
          <package>msdynce_SalesAnchor (9.0.23053.10003)</package>
        </Required>
        <Dependent type="60" displayName="Information" parentDisplayName="Project" id="{105ef076-a72a-4382-bde5-35e3c3d9db40}" />
      </MissingDependency>
      <MissingDependency>
        <Required type="26" schemaName="Project Budget Lookup View" displayName="Project Budget Lookup View" parentSchemaName="msdyn_budget" parentDisplayName="Project Budget" solution="ProjectService (4.72.0.273)" id="{9c4a07a9-6554-40e6-80ed-ff4abb3bdb0f}">
          <package>ProjectOperations_Anchor (4.72.0.273)</package>
        </Required>
        <Dependent type="60" displayName="Information" parentDisplayName="Project" id="{105ef076-a72a-4382-bde5-35e3c3d9db40}" />
      </MissingDependency>
      <MissingDependency>
        <Required type="26" schemaName="Assignments of team members" displayName="Assignments of team members" parentSchemaName="msdyn_resourceassignment" parentDisplayName="Resource Assignment" solution="ProjectService (4.72.0.273)" id="{a0af757a-7ecd-40cd-ac13-90b121cfcfe8}">
          <package>ProjectOperations_Anchor (4.72.0.273)</package>
        </Required>
        <Dependent type="60" displayName="Information" parentDisplayName="Project" id="{105ef076-a72a-4382-bde5-35e3c3d9db40}" />
      </MissingDependency>
      <MissingDependency>
        <Required type="26" schemaName="Project Task Role view" displayName="Project Task Role view" parentSchemaName="msdyn_projecttask" parentDisplayName="Project Task" solution="ProjectService (4.72.0.273)" id="{a20cedc9-7171-e511-80f0-00155db99003}">
          <package>ProjectOperations_Anchor (4.72.0.273)</package>
        </Required>
        <Dependent type="60" displayName="Information" parentDisplayName="Project" id="{105ef076-a72a-4382-bde5-35e3c3d9db40}" />
      </MissingDependency>
      <MissingDependency>
        <Required type="26" schemaName="Track costs" displayName="Track costs" parentSchemaName="msdyn_budgetline" parentDisplayName="Project Budget Line" solution="ProjectService (4.72.0.273)" id="{acc5b4cb-4a45-ed11-9dba-000d3a5e7a5d}">
          <package>ProjectOperations_Anchor (4.72.0.273)</package>
        </Required>
        <Dependent type="60" displayName="Information" parentDisplayName="Project" id="{105ef076-a72a-4382-bde5-35e3c3d9db40}" />
      </MissingDependency>
      <MissingDependency>
        <Required type="26" schemaName="Project Budget Lines for Draft or Rejected Budget" displayName="Project Budget Lines for Draft or Rejected Budget" parentSchemaName="msdyn_budgetline" parentDisplayName="Project Budget Line" solution="ProjectService (4.72.0.273)" id="{baa2307c-231a-ed11-82ec-000d3a5dcc2d}">
          <package>ProjectOperations_Anchor (4.72.0.273)</package>
        </Required>
        <Dependent type="60" displayName="Information" parentDisplayName="Project" id="{105ef076-a72a-4382-bde5-35e3c3d9db40}" />
      </MissingDependency>
      <MissingDependency>
        <Required type="26" schemaName="Quote Product Inline Edit View" displayName="Quote Product Inline Edit View" parentSchemaName="quotedetail" parentDisplayName="Quote Line" solution="msdynce_Sales (9.0.4.0076)" id="{cf23f371-4c2e-44df-bcef-c8971249bbe0}">
          <package>msdynce_SalesAnchor (9.0.23053.10003)</package>
        </Required>
        <Dependent type="60" displayName="Information" parentDisplayName="Project" id="{105ef076-a72a-4382-bde5-35e3c3d9db40}" />
      </MissingDependency>
      <MissingDependency>
        <Required type="26" schemaName="My Open Project Tasks" displayName="My Open Project Tasks" parentSchemaName="msdyn_projecttask" parentDisplayName="Project Task" solution="msdyn_ProjectServiceCore (1.0.0.87)" id="{d0a93df9-04fe-47c9-9e5d-bb7aeff65a0a}">
          <package>ProjectOperations_Anchor (4.72.0.273)</package>
        </Required>
        <Dependent type="60" displayName="Information" parentDisplayName="Project" id="{105ef076-a72a-4382-bde5-35e3c3d9db40}" />
      </MissingDependency>
      <MissingDependency>
        <Required type="26" schemaName="Active Risk" displayName="Active Risk" parentSchemaName="msdyn_projectrisk" parentDisplayName="Risk" solution="msdyn_ProjectServiceCore_Patch (1.0.72.224)" id="{d26441e4-793a-4971-ac5f-60cc0788b5bd}">
          <package>ProjectOperations_Anchor (4.72.0.273)</package>
        </Required>
        <Dependent type="60" displayName="Information" parentDisplayName="Project" id="{105ef076-a72a-4382-bde5-35e3c3d9db40}" />
      </MissingDependency>
      <MissingDependency>
        <Required type="26" schemaName="Project Quote and Quote Lines" displayName="Project Quote and Quote Lines" parentSchemaName="quotedetail" parentDisplayName="Quote Line" solution="ProjectService (4.72.0.273)" id="{d35ab8cf-c16b-e511-80ea-00155db86109}">
          <package>ProjectOperations_Anchor (4.72.0.273)</package>
        </Required>
        <Dependent type="60" displayName="Information" parentDisplayName="Project" id="{105ef076-a72a-4382-bde5-35e3c3d9db40}" />
      </MissingDependency>
      <MissingDependency>
        <Required type="26" schemaName="Project Contract and Project Contract Lines" displayName="Project Contract and Project Contract Lines" parentSchemaName="salesorderdetail" parentDisplayName="Order Line" solution="ProjectService (4.72.0.273)" id="{f1c744a3-bf6b-e511-80ea-00155db86109}">
          <package>ProjectOperations_Anchor (4.72.0.273)</package>
        </Required>
        <Dependent type="60" displayName="Information" parentDisplayName="Project" id="{105ef076-a72a-4382-bde5-35e3c3d9db40}" />
      </MissingDependency>
      <MissingDependency>
        <Required type="26" schemaName="Project Level Associations View" displayName="Project Level Associations View" parentSchemaName="quotedetail" parentDisplayName="Quote Line" solution="ProjectService (4.72.0.273)" id="{f6d0ad08-29c0-ea11-a81e-000d3af6a65a}">
          <package>ProjectOperations_Anchor (4.72.0.273)</package>
        </Required>
        <Dependent type="60" displayName="Information" parentDisplayName="Project" id="{105ef076-a72a-4382-bde5-35e3c3d9db40}" />
      </MissingDependency>
      <MissingDependency>
        <Required type="26" schemaName="All Team Members" displayName="All Team Members" parentSchemaName="msdyn_projectteam" parentDisplayName="Project Team Member" solution="msdyn_ProjectServiceCore (1.0.0.87)" id="{ff646962-5d5a-e411-814a-6c3be5a8017c}">
          <package>ProjectOperations_Anchor (4.72.0.273)</package>
        </Required>
        <Dependent type="60" displayName="Information" parentDisplayName="Project" id="{105ef076-a72a-4382-bde5-35e3c3d9db40}" />
      </MissingDependency>
      <MissingDependency>
        <Required type="59" schemaName="Schedule Performance By Role" displayName="Schedule Performance By Role" parentSchemaName="msdyn_projecttask" parentDisplayName="Project Task" solution="msdyn_ProjectServiceCore (1.0.0.87)" id="{0407a649-4871-e511-80f0-00155db99003}">
          <package>ProjectOperations_Anchor (4.72.0.273)</package>
        </Required>
        <Dependent type="60" displayName="Information" parentDisplayName="Project" id="{105ef076-a72a-4382-bde5-35e3c3d9db40}" />
      </MissingDependency>
      <MissingDependency>
        <Required type="59" schemaName="Cost Performance By Role" displayName="Cost Performance By Role" parentSchemaName="msdyn_projecttask" parentDisplayName="Project Task" solution="ProjectService (4.72.0.273)" id="{05050f04-4871-e511-80f0-00155db99003}">
          <package>ProjectOperations_Anchor (4.72.0.273)</package>
        </Required>
        <Dependent type="60" displayName="Information" parentDisplayName="Project" id="{105ef076-a72a-4382-bde5-35e3c3d9db40}" />
      </MissingDependency>
      <MissingDependency>
        <Required type="59" schemaName="Comparison To Customer Budgets - Overall Quote" displayName="Comparison To Customer Budgets - Overall Quote" parentSchemaName="quotedetail" parentDisplayName="Quote Line" solution="ProjectService (4.72.0.273)" id="{080d1f72-2a42-e511-80e6-00155db85301}">
          <package>ProjectOperations_Anchor (4.72.0.273)</package>
        </Required>
        <Dependent type="60" displayName="Information" parentDisplayName="Project" id="{105ef076-a72a-4382-bde5-35e3c3d9db40}" />
      </MissingDependency>
      <MissingDependency>
        <Required type="59" schemaName="Track costs" displayName="Track costs" parentSchemaName="msdyn_budgetline" parentDisplayName="Project Budget Line" solution="ProjectService (4.72.0.273)" id="{18b70e54-eb43-ed11-9dbb-000d3a6364c3}">
          <package>ProjectOperations_Anchor (4.72.0.273)</package>
        </Required>
        <Dependent type="60" displayName="Information" parentDisplayName="Project" id="{105ef076-a72a-4382-bde5-35e3c3d9db40}" />
      </MissingDependency>
      <MissingDependency>
        <Required type="59" schemaName="Distribution" displayName="Distribution" parentSchemaName="msdyn_budgetline" parentDisplayName="Project Budget Line" solution="ProjectService (4.72.0.273)" id="{203c3fc2-c443-ed11-9dbb-000d3a6364c3}">
          <package>ProjectOperations_Anchor (4.72.0.273)</package>
        </Required>
        <Dependent type="60" displayName="Information" parentDisplayName="Project" id="{105ef076-a72a-4382-bde5-35e3c3d9db40}" />
      </MissingDependency>
      <MissingDependency>
        <Required type="60" displayName="Information" parentDisplayName="Project" solution="msdyn_ProjectServiceCore (1.0.0.87)" id="{105ef076-a72a-4382-bde5-35e3c3d9db40}">
          <package>ProjectOperations_Anchor (4.72.0.273)</package>
        </Required>
        <Dependent type="60" displayName="Information" parentDisplayName="Project" id="{105ef076-a72a-4382-bde5-35e3c3d9db40}" />
      </MissingDependency>
      <MissingDependency>
        <Required type="61" schemaName="msdyn_/Common/Trial/ProjectServiceTrial.js" displayName="msdyn_/Common/Trial/ProjectServiceTrial.js" solution="ProjectService (4.72.0.273)">
          <package>ProjectOperations_Anchor (4.72.0.273)</package>
        </Required>
        <Dependent type="60" displayName="Information" parentDisplayName="Project" id="{105ef076-a72a-4382-bde5-35e3c3d9db40}" />
      </MissingDependency>
      <MissingDependency>
        <Required type="61" schemaName="msdyn_/Libraries/jQuery/jquery.js" displayName="msdyn_/Libraries/jQuery/jquery.js" solution="ProjectService (4.72.0.273)">
          <package>ProjectOperations_Anchor (4.72.0.273)</package>
        </Required>
        <Dependent type="60" displayName="Information" parentDisplayName="Project" id="{105ef076-a72a-4382-bde5-35e3c3d9db40}" />
      </MissingDependency>
      <MissingDependency>
        <Required type="61" schemaName="msdyn_/Libraries/require/require.js" displayName="msdyn_/Libraries/require/require.js" solution="ProjectService (4.72.0.273)">
          <package>ProjectOperations_Anchor (4.72.0.273)</package>
        </Required>
        <Dependent type="60" displayName="Information" parentDisplayName="Project" id="{105ef076-a72a-4382-bde5-35e3c3d9db40}" />
      </MissingDependency>
      <MissingDependency>
        <Required type="61" schemaName="msdyn_/Project/Project.Library.js" displayName="msdyn_/Project/Project.Library.js" solution="ProjectService (4.72.0.273)">
          <package>ProjectOperations_Anchor (4.72.0.273)</package>
        </Required>
        <Dependent type="60" displayName="Information" parentDisplayName="Project" id="{105ef076-a72a-4382-bde5-35e3c3d9db40}" />
      </MissingDependency>
      <MissingDependency>
        <Required type="61" schemaName="msdyn_/ProjectBudget/ProjectBudget.Library.js" displayName="msdyn_/ProjectBudget/ProjectBudget.Library.js" solution="ProjectService (4.72.0.273)">
          <package>ProjectOperations_Anchor (4.72.0.273)</package>
        </Required>
        <Dependent type="60" displayName="Information" parentDisplayName="Project" id="{105ef076-a72a-4382-bde5-35e3c3d9db40}" />
      </MissingDependency>
      <MissingDependency>
        <Required type="61" schemaName="msdyn_/ProjectTask/ProjectTask.Library.js" displayName="msdyn_/ProjectTask/ProjectTask.Library.js" solution="ProjectService (4.72.0.273)">
          <package>ProjectOperations_Anchor (4.72.0.273)</package>
        </Required>
        <Dependent type="60" displayName="Information" parentDisplayName="Project" id="{105ef076-a72a-4382-bde5-35e3c3d9db40}" />
      </MissingDependency>
      <MissingDependency>
        <Required type="61" schemaName="msdyn_/PSCore/Project/Project.Library.js" displayName="msdyn_/PSCore/Project/Project.Library.js" solution="msdyn_ProjectServiceCore (1.0.0.87)">
          <package>ProjectOperations_Anchor (4.72.0.273)</package>
        </Required>
        <Dependent type="60" displayName="Information" parentDisplayName="Project" id="{105ef076-a72a-4382-bde5-35e3c3d9db40}" />
      </MissingDependency>
      <MissingDependency>
        <Required type="61" schemaName="msdyn_SI.js" displayName="msdyn_SI.js" solution="ProjectService (4.72.0.273)">
          <package>ProjectOperations_Anchor (4.72.0.273)</package>
        </Required>
        <Dependent type="60" displayName="Information" parentDisplayName="Project" id="{105ef076-a72a-4382-bde5-35e3c3d9db40}" />
      </MissingDependency>
      <MissingDependency>
        <Required type="66" schemaName="Microsoft.PowerApps.PowerAppsOneGrid" displayName="Microsoft.PowerApps.PowerAppsOneGrid" solution="BaseCustomControlsCore (9.0.2305.3022)" />
        <Dependent type="60" displayName="Information" parentDisplayName="Project" id="{105ef076-a72a-4382-bde5-35e3c3d9db40}" />
      </MissingDependency>
      <MissingDependency>
        <Required type="66" schemaName="MscrmControls.EstimatesGridControls.EstimatesGridControl" displayName="MscrmControls.EstimatesGridControls.EstimatesGridControl" solution="ProjectService (4.72.0.273)">
          <package>ProjectOperations_Anchor (4.72.0.273)</package>
        </Required>
        <Dependent type="60" displayName="Information" parentDisplayName="Project" id="{105ef076-a72a-4382-bde5-35e3c3d9db40}" />
      </MissingDependency>
      <MissingDependency>
        <Required type="66" schemaName="MscrmControls.Grid.GridControl" displayName="MscrmControls.Grid.GridControl" solution="BaseCustomControlsCore (9.0.2305.3022)" />
        <Dependent type="60" displayName="Information" parentDisplayName="Project" id="{105ef076-a72a-4382-bde5-35e3c3d9db40}" />
      </MissingDependency>
      <MissingDependency>
        <Required type="66" schemaName="MscrmControls.ModelForm.ModelFormControl" displayName="MscrmControls.ModelForm.ModelFormControl" solution="BaseCustomControlsCore (9.0.2305.3022)" />
        <Dependent type="60" displayName="Information" parentDisplayName="Project" id="{105ef076-a72a-4382-bde5-35e3c3d9db40}" />
      </MissingDependency>
      <MissingDependency>
        <Required type="66" schemaName="MscrmControls.PexWebControls.PexWebControl" displayName="MscrmControls.PexWebControls.PexWebControl" solution="msdyn_ProjectServiceCore (1.0.0.87)">
          <package>ProjectOperations_Anchor (4.72.0.273)</package>
        </Required>
        <Dependent type="60" displayName="Information" parentDisplayName="Project" id="{105ef076-a72a-4382-bde5-35e3c3d9db40}" />
      </MissingDependency>
      <MissingDependency>
        <Required type="66" schemaName="MscrmControls.ProjectTaskControls.ProjectTaskControl" displayName="MscrmControls.ProjectTaskControls.ProjectTaskControl" solution="ProjectService (4.72.0.273)">
          <package>ProjectOperations_Anchor (4.72.0.273)</package>
        </Required>
        <Dependent type="60" displayName="Information" parentDisplayName="Project" id="{105ef076-a72a-4382-bde5-35e3c3d9db40}" />
      </MissingDependency>
      <MissingDependency>
        <Required type="66" schemaName="MscrmControls.ReconciliationControls.ReconciliationControl" displayName="MscrmControls.ReconciliationControls.ReconciliationControl" solution="msdyn_ProjectServiceCore (1.0.0.87)">
          <package>ProjectOperations_Anchor (4.72.0.273)</package>
        </Required>
        <Dependent type="60" displayName="Information" parentDisplayName="Project" id="{105ef076-a72a-4382-bde5-35e3c3d9db40}" />
      </MissingDependency>
      <MissingDependency>
        <Required type="connectionreference" displayName="promx_sharedcommondataserviceforapps_92a01" solution="Active" id.connectionreferencelogicalname="promx_sharedcommondataserviceforapps_92a01" />
        <Dependent type="29" displayName="Budget Modern Approvals Demo" id="{ceb1f824-bb0e-ee11-8f6d-0022482434c6}" />
      </MissingDependency>
    </MissingDependencies>
  </SolutionManifest>
</ImportExportXml>