<environmentvariabledefinition schemaname="duff_accountsapprover_email">
  <defaultvalue>joe@griffin.gb.net</defaultvalue>
  <description default="Provide the email address of the user who will approve the conversion of all Quotes into Orders">
    <label description="Provide the email address of the user who will approve the conversion of all Quotes into Orders" languagecode="1033" />
  </description>
  <displayname default="Accounts Approver">
    <label description="Accounts Approver" languagecode="1033" />
  </displayname>
  <introducedversion>1.0.0.0</introducedversion>
  <iscustomizable>1</iscustomizable>
  <isrequired>0</isrequired>
  <secretstore>0</secretstore>
  <type>100000000</type>
</environmentvariabledefinition>