<customapirequestparameter uniquename="ProjectID">
  <description default="The Project ID to trigger for the msdyn_UpdateBudgetStatusForProject Custom API">
    <label description="The Project ID to trigger for the msdyn_UpdateBudgetStatusForProject Custom API" languagecode="1033" />
  </description>
  <displayname default="Project ID">
    <label description="Project ID" languagecode="1033" />
  </displayname>
  <iscustomizable>1</iscustomizable>
  <isoptional>1</isoptional>
  <name>Project ID</name>
  <type>12</type>
</customapirequestparameter>