<customapirequestparameter uniquename="TargetState">
  <description default="The target state to move the budget to for the msdyn_UpdateBudgetStatusForProject Custom API">
    <label description="The target state to move the budget to for the msdyn_UpdateBudgetStatusForProject Custom API" languagecode="1033" />
  </description>
  <displayname default="Target State">
    <label description="Target State" languagecode="1033" />
  </displayname>
  <iscustomizable>1</iscustomizable>
  <isoptional>1</isoptional>
  <name>Target State</name>
  <type>7</type>
</customapirequestparameter>