{"name":"5327b25b-d9f7-43f5-9761-764ee90c68ae","id":"/providers/Microsoft.Flow/flows/5327b25b-d9f7-43f5-9761-764ee90c68ae","type":"Microsoft.Flow/flows","properties":{"apiId":"/providers/Microsoft.PowerApps/apis/shared_logicflows","displayName":"ADF Import - Update parentcustomerid Field","definition":{"metadata":{"workflowEntityId":null,"creator":{"id":"d38689a3-ebe7-431b-bf98-fdcdd18e7826","type":"User","tenantId":"6de19cf1-a485-4277-8a74-9248c9c2cc7a"},"provisioningMethod":"FromDefinition","failureAlertSubscription":true,"clientLastModifiedTime":"2019-05-25T16:35:46.3264625Z"},"$schema":"https://schema.management.azure.com/providers/Microsoft.Logic/schemas/2016-06-01/workflowdefinition.json#","contentVersion":"1.0.0.0","parameters":{"$connections":{"defaultValue":{},"type":"Object"},"$authentication":{"defaultValue":{},"type":"SecureObject"}},"triggers":{"When_a_record_is_created":{"metadata":{"flowSystemMetadata":{"swaggerOperationId":"SubscribeOnNewItems"}},"type":"ApiConnectionWebhook","inputs":{"host":{"connection":{"name":"@parameters('$connections')['shared_commondataservice']['connectionId']"},"api":{"runtimeUrl":"https://uk-001.azure-apim.net/apim/commondataservice"}},"body":{"NotificationUrl":"@{listCallbackUrl()}"},"path":"/datasets/@{encodeURIComponent(encodeURIComponent('orgabe4af40.crm11'))}/tables/@{encodeURIComponent(encodeURIComponent('contacts'))}/onnewitemswebhook","queries":{"scope":"Organization"},"authentication":"@parameters('$authentication')","retryPolicy":{"type":"fixed","count":50,"interval":"PT60S"}}}},"actions":{"Condition":{"actions":{"Update_a_record":{"runAfter":{},"metadata":{"flowSystemMetadata":{"swaggerOperationId":"PatchItem_V2"}},"type":"ApiConnection","inputs":{"host":{"connection":{"name":"@parameters('$connections')['shared_commondataservice']['connectionId']"},"api":{"runtimeUrl":"https://uk-001.azure-apim.net/apim/commondataservice"}},"method":"patch","body":{"_parentcustomerid_value":"@triggerBody()?['_crmchap_adfaccountlookupid_value']","_parentcustomerid_type":"accounts","_ownerid_type":""},"path":"/v2/datasets/@{encodeURIComponent(encodeURIComponent('orgabe4af40.crm11'))}/tables/@{encodeURIComponent(encodeURIComponent('contacts'))}/items/@{encodeURIComponent(encodeURIComponent(triggerBody()?['contactid']))}","authentication":"@parameters('$authentication')","retryPolicy":{"type":"fixed","count":50,"interval":"PT60S"}}}},"runAfter":{},"expression":{"not":{"equals":["@triggerBody()?['_crmchap_adfaccountlookupid_value']","@null"]}},"type":"If"}},"outputs":{}},"connectionReferences":{"shared_commondataservice":{"connectionName":"shared-commondataser-63ca0ff3-dbc8-4ee8-a0cd-8d615048c78f","source":"Embedded","id":"/providers/Microsoft.PowerApps/apis/shared_commondataservice","tier":"NotSpecified"}},"flowFailureAlertSubscribed":false}}