<customapi uniquename="duff_MathsCalculator">
  <allowedcustomprocessingsteptype>0</allowedcustomprocessingsteptype>
  <bindingtype>0</bindingtype>
  <description default="Demo Custom API that performs basic math operations.">
    <label description="Demo Custom API that performs basic math operations." languagecode="1033" />
  </description>
  <displayname default="Maths Calculator">
    <label description="Maths Calculator" languagecode="1033" />
  </displayname>
  <iscustomizable>1</iscustomizable>
  <isfunction>1</isfunction>
  <isprivate>0</isprivate>
  <name>Maths Calculator</name>
  <plugintypeid>
    <plugintypeid>69287fa4-c7a3-4618-a022-59e3927e305b</plugintypeid>
  </plugintypeid>
  <workflowsdkstepenabled>0</workflowsdkstepenabled>
</customapi>