{
  "properties": {
    "connectionReferences": {
      "shared_commondataservice": {
        "runtimeSource": "invoker",
        "connection": {
          "connectionReferenceLogicalName": "duff_sharedcommondataservice_f2c90"
        },
        "api": {
          "name": "shared_commondataservice"
        }
      },
      "shared_approvals": {
        "runtimeSource": "invoker",
        "connection": {
          "connectionReferenceLogicalName": "duff_sharedapprovals_a1f32"
        },
        "api": {
          "name": "shared_approvals"
        }
      },
      "shared_commondataserviceforapps": {
        "runtimeSource": "embedded",
        "connection": {
          "connectionReferenceLogicalName": "duff_sharedcommondataserviceforapps_0b8cb"
        },
        "api": {
          "name": "shared_commondataserviceforapps"
        }
      },
      "shared_teams": {
        "runtimeSource": "invoker",
        "connection": {
          "connectionReferenceLogicalName": "duff_sharedteams_3721d"
        },
        "api": {
          "name": "shared_teams"
        }
      }
    },
    "definition": {
      "$schema": "https://schema.management.azure.com/providers/Microsoft.Logic/schemas/2016-06-01/workflowdefinition.json#",
      "contentVersion": "1.0.0.0",
      "parameters": {
        "$connections": {
          "defaultValue": {},
          "type": "Object"
        },
        "$authentication": {
          "defaultValue": {},
          "type": "SecureObject"
        },
        "Accounts Approver (duff_accountsapprover_email)": {
          "defaultValue": "joe@griffin.gb.net",
          "type": "String",
          "metadata": {
            "schemaName": "duff_accountsapprover_email",
            "description": "Provide the email address of the user who will approve the conversion of all Quotes into Orders"
          }
        }
      },
      "triggers": {
        "manual": {
          "splitOn": "@triggerBody()['rows']",
          "metadata": {
            "operationMetadataId": "eaf053a7-81d9-4e50-b92a-8e60411d3f7c"
          },
          "type": "Request",
          "kind": "ApiConnection",
          "inputs": {
            "schema": {
              "type": "object",
              "properties": {
                "rows": {
                  "type": "array",
                  "items": {
                    "type": "object",
                    "properties": {
                      "entity": {
                        "type": "object",
                        "properties": {
                          "quoteid": {
                            "title": "Quote",
                            "type": "string",
                            "format": "guid"
                          }
                        },
                        "required": [
                          "quoteid"
                        ]
                      }
                    },
                    "required": [
                      "entity"
                    ]
                  }
                }
              },
              "required": [
                "rows"
              ]
            },
            "host": {
              "connection": {
                "name": "@parameters('$connections')['shared_commondataservice']['connectionId']"
              }
            },
            "operationId": "GetOnNewItems_V2",
            "parameters": {
              "dataset": "default.cds",
              "table": "quotes"
            }
          }
        }
      },
      "actions": {
        "Initialize_QuoteApproved_variable": {
          "runAfter": {},
          "metadata": {
            "operationMetadataId": "50513b37-fb5c-4c5e-8c46-cdc085e34644"
          },
          "type": "InitializeVariable",
          "inputs": {
            "variables": [
              {
                "name": "QuoteApproved",
                "type": "boolean"
              }
            ]
          }
        },
        "Initialize_EntityID_variable": {
          "runAfter": {
            "Initialize_QuoteApproved_variable": [
              "Succeeded"
            ]
          },
          "metadata": {
            "operationMetadataId": "babee8c7-8332-4a18-b134-33b1da896aa9"
          },
          "type": "InitializeVariable",
          "inputs": {
            "variables": [
              {
                "name": "EntityID",
                "type": "string"
              }
            ]
          }
        },
        "Start_and_wait_for_an_approval": {
          "runAfter": {
            "Get_Quote_row_attributes": [
              "Succeeded"
            ]
          },
          "metadata": {
            "operationMetadataId": "61db133b-e7bf-42a7-9d6b-72f3e9ddb58c"
          },
          "type": "OpenApiConnectionWebhook",
          "inputs": {
            "host": {
              "connectionName": "shared_approvals",
              "operationId": "StartAndWaitForAnApproval",
              "apiId": "/providers/Microsoft.PowerApps/apis/shared_approvals"
            },
            "parameters": {
              "approvalType": "BasicAwaitAll",
              "WebhookApprovalCreationInput/title": "New Order Approval",
              "WebhookApprovalCreationInput/assignedTo": "@{parameters('Accounts Approver (duff_accountsapprover_email)')};",
              "WebhookApprovalCreationInput/details": "## New Order Approval \n\nA new quotation is ready for review and approval/rejection. Please see below for the details:\n\n**Name**: @{outputs('Get_Quote_row_attributes')?['body/name']}\n**Total Amount**: @{outputs('Get_Quote_row_attributes')?['body/totalamount']}\n**Bill To Name**: @{outputs('Get_Quote_row_attributes')?['body/billto_name']}\n**Bill To Address Line 1**: @{outputs('Get_Quote_row_attributes')?['body/billto_line1']}\n**Bill To ZIP / Postal Code**: @{outputs('Get_Quote_row_attributes')?['body/billto_postalcode']}\n\nUse the link below to access the Quote.",
              "WebhookApprovalCreationInput/itemLink": "https://orgc0d6ae56.crm11.dynamics.com/main.aspx?appid=3000a08f-ffb0-ec11-983f-000d3a872b2a&pagetype=entityrecord&etn=quote&id=@{triggerBody()?['entity']?['quoteid']}",
              "WebhookApprovalCreationInput/enableNotifications": true,
              "WebhookApprovalCreationInput/enableReassignment": true
            },
            "authentication": {
              "type": "Raw",
              "value": "@json(decodeBase64(triggerOutputs().headers['X-MS-APIM-Tokens']))['$ConnectionKey']"
            }
          }
        },
        "Condition_-_Outcome_Equals_Approve": {
          "actions": {
            "Perform_duff_AccountsApproval_Custom_API_Call_-_Approve": {
              "runAfter": {},
              "metadata": {
                "operationMetadataId": "d7bce7e8-44c9-4589-862d-aca36ecb70b2"
              },
              "type": "OpenApiConnection",
              "inputs": {
                "host": {
                  "connectionName": "shared_commondataserviceforapps",
                  "operationId": "PerformUnboundAction",
                  "apiId": "/providers/Microsoft.PowerApps/apis/shared_commondataserviceforapps"
                },
                "parameters": {
                  "actionName": "duff_AccountsApproval",
                  "item/QuoteID": "@triggerBody()?['entity']?['quoteid']",
                  "item/IsApproved": true,
                  "item/Reason": "@outputs('Start_and_wait_for_an_approval')?['body/responses'][0]?['comments']"
                },
                "authentication": {
                  "type": "Raw",
                  "value": "@json(decodeBase64(triggerOutputs().headers['X-MS-APIM-Tokens']))['$ConnectionKey']"
                }
              }
            },
            "Set_QuoteApproved_variable_=_true": {
              "runAfter": {
                "Perform_duff_AccountsApproval_Custom_API_Call_-_Approve": [
                  "Succeeded"
                ]
              },
              "metadata": {
                "operationMetadataId": "68cfae12-00b2-4868-a83f-1ff1ae767f7e"
              },
              "type": "SetVariable",
              "inputs": {
                "name": "QuoteApproved",
                "value": "@true"
              }
            },
            "Set_EntityID_variable_-_Approve": {
              "runAfter": {
                "Set_QuoteApproved_variable_=_true": [
                  "Succeeded"
                ]
              },
              "metadata": {
                "operationMetadataId": "07225c66-464e-4b63-a2c5-70626593a852"
              },
              "type": "SetVariable",
              "inputs": {
                "name": "EntityID",
                "value": "@outputs('Perform_duff_AccountsApproval_Custom_API_Call_-_Approve')?['body/EntityID']"
              }
            }
          },
          "runAfter": {
            "Start_and_wait_for_an_approval": [
              "Succeeded"
            ]
          },
          "else": {
            "actions": {
              "Perform_duff_AccountsApproval_Custom_API_Call_-_Reject": {
                "runAfter": {},
                "metadata": {
                  "operationMetadataId": "210fb6d4-ef23-4667-b18a-c355b5a5751d"
                },
                "type": "OpenApiConnection",
                "inputs": {
                  "host": {
                    "connectionName": "shared_commondataserviceforapps",
                    "operationId": "PerformUnboundAction",
                    "apiId": "/providers/Microsoft.PowerApps/apis/shared_commondataserviceforapps"
                  },
                  "parameters": {
                    "actionName": "duff_AccountsApproval",
                    "item/QuoteID": "@triggerBody()?['entity']?['quoteid']",
                    "item/IsApproved": false,
                    "item/Reason": "@outputs('Start_and_wait_for_an_approval')?['body/responses'][0]?['comments']"
                  },
                  "authentication": {
                    "type": "Raw",
                    "value": "@json(decodeBase64(triggerOutputs().headers['X-MS-APIM-Tokens']))['$ConnectionKey']"
                  }
                }
              },
              "Set_QuoteApproved_variable_=_false": {
                "runAfter": {
                  "Perform_duff_AccountsApproval_Custom_API_Call_-_Reject": [
                    "Succeeded"
                  ]
                },
                "metadata": {
                  "operationMetadataId": "dea69447-a9fb-4493-af8b-d5abd5b674d0"
                },
                "type": "SetVariable",
                "inputs": {
                  "name": "QuoteApproved",
                  "value": "@false"
                }
              },
              "Set_EntityID_variable_-_Reject": {
                "runAfter": {
                  "Set_QuoteApproved_variable_=_false": [
                    "Succeeded"
                  ]
                },
                "metadata": {
                  "operationMetadataId": "beef7c76-4347-4098-80c2-4c53d076be7d"
                },
                "type": "SetVariable",
                "inputs": {
                  "name": "EntityID",
                  "value": "@outputs('Perform_duff_AccountsApproval_Custom_API_Call_-_Reject')?['body/EntityID']"
                }
              }
            }
          },
          "expression": {
            "equals": [
              "@outputs('Start_and_wait_for_an_approval')?['body/outcome']",
              "Approve"
            ]
          },
          "metadata": {
            "operationMetadataId": "6313ec00-cd46-406d-9b8f-ed822f319065"
          },
          "type": "If"
        },
        "Initialize_Outcome_variable": {
          "runAfter": {
            "Initialize_EntityID_variable": [
              "Succeeded"
            ]
          },
          "metadata": {
            "operationMetadataId": "da0d18bb-f9d9-4d4a-865f-be642e39e921"
          },
          "type": "InitializeVariable",
          "inputs": {
            "variables": [
              {
                "name": "Outcome",
                "type": "string"
              }
            ]
          }
        },
        "Initialize_URLPath_variable": {
          "runAfter": {
            "Initialize_Outcome_variable": [
              "Succeeded"
            ]
          },
          "metadata": {
            "operationMetadataId": "f9cd6041-cd18-42ce-8cbc-4e46424d6241"
          },
          "type": "InitializeVariable",
          "inputs": {
            "variables": [
              {
                "name": "URLPath",
                "type": "string"
              }
            ]
          }
        },
        "Set_Outcome_variable": {
          "runAfter": {
            "Condition_-_Outcome_Equals_Approve": [
              "Succeeded"
            ]
          },
          "metadata": {
            "operationMetadataId": "c357dadf-7133-40f4-a87f-b1730fc9d80f"
          },
          "type": "SetVariable",
          "inputs": {
            "name": "Outcome",
            "value": "@{if(equals(variables('QuoteApproved'), true), 'approved', 'rejected')}"
          }
        },
        "Set_URLPath_variable": {
          "runAfter": {
            "Set_Outcome_variable": [
              "Succeeded"
            ]
          },
          "metadata": {
            "operationMetadataId": "f004a8e9-e4eb-400e-a83c-835da8affe39"
          },
          "type": "SetVariable",
          "inputs": {
            "name": "URLPath",
            "value": "@{if(equals(variables('QuoteApproved'), true), 'salesorder', 'quote')}"
          }
        },
        "Post_message_in_a_chat_or_channel": {
          "runAfter": {
            "Get_Owner_row_by_ID": [
              "Succeeded"
            ]
          },
          "metadata": {
            "operationMetadataId": "f3835b95-0fe7-41ee-b4aa-ba1deef1c2a8"
          },
          "type": "OpenApiConnection",
          "inputs": {
            "host": {
              "connectionName": "shared_teams",
              "operationId": "PostMessageToConversation",
              "apiId": "/providers/Microsoft.PowerApps/apis/shared_teams"
            },
            "parameters": {
              "poster": "Flow bot",
              "location": "Chat with Flow bot",
              "body/recipient": "@{outputs('Get_Owner_row_by_ID')?['body/internalemailaddress']};",
              "body/messageBody": "<p>Your recent Quote that you submitted for approval has been @{variables('Outcome')}.<br>\n<br>\nPlease use the link below to view the record:<br>\n<br>\nhttps://orgc0d6ae56.crm11.dynamics.com/main.aspx?appid=3000a08f-ffb0-ec11-983f-000d3a872b2a&amp;pagetype=entityrecord&amp;etn=@{variables('URLPath')}&amp;id=@{variables('EntityID')}<br>\n</p>"
            },
            "authentication": {
              "type": "Raw",
              "value": "@json(decodeBase64(triggerOutputs().headers['X-MS-APIM-Tokens']))['$ConnectionKey']"
            }
          }
        },
        "Get_Quote_row_attributes": {
          "runAfter": {
            "Initialize_URLPath_variable": [
              "Succeeded"
            ]
          },
          "metadata": {
            "operationMetadataId": "d398fbec-324d-4afc-9438-8944da10cd5c"
          },
          "type": "OpenApiConnection",
          "inputs": {
            "host": {
              "connectionName": "shared_commondataserviceforapps",
              "operationId": "GetItem",
              "apiId": "/providers/Microsoft.PowerApps/apis/shared_commondataserviceforapps"
            },
            "parameters": {
              "entityName": "quotes",
              "recordId": "@triggerBody()?['entity']?['quoteid']",
              "$select": "name, totalamount, billto_name, billto_line1, billto_postalcode, _ownerid_value"
            },
            "authentication": {
              "type": "Raw",
              "value": "@json(decodeBase64(triggerOutputs().headers['X-MS-APIM-Tokens']))['$ConnectionKey']"
            }
          }
        },
        "Get_Owner_row_by_ID": {
          "runAfter": {
            "Set_URLPath_variable": [
              "Succeeded"
            ]
          },
          "metadata": {
            "operationMetadataId": "33875f92-64e9-479f-959f-888fd1b93a9a"
          },
          "type": "OpenApiConnection",
          "inputs": {
            "host": {
              "connectionName": "shared_commondataserviceforapps",
              "operationId": "GetItem",
              "apiId": "/providers/Microsoft.PowerApps/apis/shared_commondataserviceforapps"
            },
            "parameters": {
              "entityName": "systemusers",
              "recordId": "@outputs('Get_Quote_row_attributes')?['body/_ownerid_value']",
              "$select": "internalemailaddress"
            },
            "authentication": {
              "type": "Raw",
              "value": "@json(decodeBase64(triggerOutputs().headers['X-MS-APIM-Tokens']))['$ConnectionKey']"
            }
          }
        }
      },
      "outputs": {}
    }
  },
  "schemaVersion": "1.0.0.0"
}