<customapiresponseproperty uniquename="EntityID">
  <description default="The ID of the resulting table (entity) that has been created - either a new Order or a revised Quote">
    <label description="The ID of the resulting table (entity) that has been created - either a new Order or a revised Quote" languagecode="1033" />
  </description>
  <displayname default="Entity ID">
    <label description="Entity ID" languagecode="1033" />
  </displayname>
  <iscustomizable>1</iscustomizable>
  <name>Entity ID</name>
  <type>12</type>
</customapiresponseproperty>