<customapi uniquename="promx_ExecuteBudgetCustomAPIs">
  <allowedcustomprocessingsteptype>0</allowedcustomprocessingsteptype>
  <bindingtype>0</bindingtype>
  <description default="Middleware Custom API that calls the hidden msdyn_UpdateBudgetStatusForProject Custom API from Microsoft.">
    <label description="Middleware Custom API that calls the hidden msdyn_UpdateBudgetStatusForProject Custom API from Microsoft." languagecode="1033" />
  </description>
  <displayname default="Execute Budget Custom APIs">
    <label description="Execute Budget Custom APIs" languagecode="1033" />
  </displayname>
  <iscustomizable>1</iscustomizable>
  <isfunction>0</isfunction>
  <isprivate>0</isprivate>
  <name>Execute Budget Custom APIs</name>
  <plugintypeid>
    <plugintypeexportkey>e351fa3f-6e57-48b9-8688-4829883b7e74</plugintypeexportkey>
  </plugintypeid>
  <workflowsdkstepenabled>0</workflowsdkstepenabled>
</customapi>