{"properties":{"connectionReferences":{"shared_commondataserviceforapps":{"runtimeSource":"embedded","connection":{"connectionReferenceLogicalName":"jjg_sharedcommondataserviceforapps_06905"},"api":{"name":"shared_commondataserviceforapps"}}},"definition":{"$schema":"https://schema.management.azure.com/providers/Microsoft.Logic/schemas/2016-06-01/workflowdefinition.json#","contentVersion":"1.0.0.0","parameters":{"$connections":{"defaultValue":{},"type":"Object"},"$authentication":{"defaultValue":{},"type":"SecureObject"}},"triggers":{"manual":{"metadata":{"operationMetadataId":"d5ed3f0a-8368-4284-a8a9-0e841f1ef33d"},"type":"Request","kind":"Button","inputs":{"schema":{"type":"object","properties":{"text":{"title":"ProjectName","type":"string","x-ms-dynamically-added":true,"description":"Please enter your input","x-ms-content-hint":"TEXT"}},"required":["text"]}}}},"actions":{"Perform_an_msdyn_CreateProjectV1_unbound_action":{"runAfter":{"Initialize_OperationSetStatus_variable":["Succeeded"]},"metadata":{"operationMetadataId":"e5810d85-c602-40c1-9856-b09447a6213d"},"type":"OpenApiConnection","inputs":{"host":{"connectionName":"shared_commondataserviceforapps","operationId":"PerformUnboundAction","apiId":"/providers/Microsoft.PowerApps/apis/shared_commondataserviceforapps"},"parameters":{"actionName":"msdyn_CreateProjectV1","item/Project/msdyn_subject":"@triggerBody()['text']"},"authentication":{"type":"Raw","value":"@json(decodeBase64(triggerOutputs().headers['X-MS-APIM-Tokens']))['$ConnectionKey']"}}},"List_Top_25_Contact_rows":{"runAfter":{"Perform_an_msdyn_CreateOperationSetV1_unbound_action":["Succeeded"]},"metadata":{"operationMetadataId":"2f0b6a97-6152-49c2-aabe-3ee4700afc90"},"type":"OpenApiConnection","inputs":{"host":{"connectionName":"shared_commondataserviceforapps","operationId":"ListRecords","apiId":"/providers/Microsoft.PowerApps/apis/shared_commondataserviceforapps"},"parameters":{"entityName":"contacts","$select":"fullname","$top":25},"authentication":{"type":"Raw","value":"@json(decodeBase64(triggerOutputs().headers['X-MS-APIM-Tokens']))['$ConnectionKey']"}}},"Apply_to_each_Contact":{"foreach":"@outputs('List_Top_25_Contact_rows')?['body/value']","actions":{"Compose_TM_Name":{"runAfter":{},"metadata":{"operationMetadataId":"1b7cf4b9-8ff5-421b-8496-d19d29f2d99b"},"type":"Compose","inputs":"@concat('TM', string(variables('TMCounter')))"},"Perform_an_msdyn_CreateTeamMemberV1_unbound_action":{"runAfter":{"Compose_TM_Name":["Succeeded"]},"metadata":{"operationMetadataId":"04815e46-fad0-4b9e-ae2b-124318c3f63e"},"type":"OpenApiConnection","inputs":{"host":{"connectionName":"shared_commondataserviceforapps","operationId":"PerformUnboundAction","apiId":"/providers/Microsoft.PowerApps/apis/shared_commondataserviceforapps"},"parameters":{"actionName":"@trim('msdyn_CreateTeamMemberV1')","item":{"TeamMember":{"msdyn_name":"@outputs('Compose_TM_Name')","msdyn_project@odata.bind":"msdyn_projects(@{outputs('Perform_an_msdyn_CreateProjectV1_unbound_action')?['body/ProjectId']})","msdyn_roledescription":"@items('Apply_to_each_Contact')?['fullname']"}}},"authentication":{"type":"Raw","value":"@json(decodeBase64(triggerOutputs().headers['X-MS-APIM-Tokens']))['$ConnectionKey']"}}},"Perform_an_msdyn_PssCreateV1_unbound_action":{"runAfter":{"Compose_Project_Task":["Succeeded"]},"metadata":{"operationMetadataId":"605d5fbc-780c-43a9-9264-ce6971419f57"},"type":"OpenApiConnection","inputs":{"host":{"connectionName":"shared_commondataserviceforapps","operationId":"PerformUnboundAction","apiId":"/providers/Microsoft.PowerApps/apis/shared_commondataserviceforapps"},"parameters":{"actionName":"msdyn_PssCreateV1","item/Entity":"@outputs('Compose_Project_Task')","item/OperationSetId":"@outputs('Perform_an_msdyn_CreateOperationSetV1_unbound_action')?['body/OperationSetId']"},"authentication":{"type":"Raw","value":"@json(decodeBase64(triggerOutputs().headers['X-MS-APIM-Tokens']))['$ConnectionKey']"}}},"Compose_Project_Task":{"runAfter":{"Compose_PT_Name":["Succeeded"]},"metadata":{"operationMetadataId":"08de9d91-05f9-4420-8179-e7f68f5a6388"},"type":"Compose","inputs":{"@@odata.type":"Microsoft.Dynamics.CRM.msdyn_projecttask","msdyn_project@odata.bind":"msdyn_projects(@{outputs('Perform_an_msdyn_CreateProjectV1_unbound_action')?['body/ProjectId']})","msdyn_subject":"@outputs('Compose_PT_Name')","msdyn_effort":4,"msdyn_scheduledstart":"@utcNow()","msdyn_scheduledend":"@addDays(utcNow(), 5)","msdyn_LinkStatus":192350000,"msdyn_projectbucket@odata.bind":"msdyn_projectbuckets(@{first(body('List_Top_Project_Bucket_1_row')?['value'])?['msdyn_projectbucketid']})"}},"Increment_TMCounter_variable":{"runAfter":{"Perform_an_msdyn_PssCreateV1_unbound_action":["Succeeded"]},"metadata":{"operationMetadataId":"e8442fa2-48c3-4330-a921-ebcd9877704c"},"type":"IncrementVariable","inputs":{"name":"TMCounter","value":1}},"Compose_PT_Name":{"runAfter":{"Perform_an_msdyn_CreateTeamMemberV1_unbound_action":["Succeeded"]},"metadata":{"operationMetadataId":"8d98a2f1-9ade-4cdd-b968-deed7cfe01a6"},"type":"Compose","inputs":"@concat('PT', string(variables('TMCounter')))"}},"runAfter":{"List_Top_Project_Bucket_1_row":["Succeeded"]},"metadata":{"operationMetadataId":"90a35942-31e9-4410-a223-0f0952ce4acb"},"type":"Foreach"},"Initialize_TMCounter_variable":{"runAfter":{},"metadata":{"operationMetadataId":"10627a4d-45e5-408e-956f-74a97459199a"},"type":"InitializeVariable","inputs":{"variables":[{"name":"TMCounter","type":"integer","value":1}]}},"Perform_an_msdyn_CreateOperationSetV1_unbound_action":{"runAfter":{"Perform_an_msdyn_CreateProjectV1_unbound_action":["Succeeded"]},"metadata":{"operationMetadataId":"87fbd5b4-6363-4543-97a8-8feec76118c6"},"type":"OpenApiConnection","inputs":{"host":{"connectionName":"shared_commondataserviceforapps","operationId":"PerformUnboundAction","apiId":"/providers/Microsoft.PowerApps/apis/shared_commondataserviceforapps"},"parameters":{"actionName":"msdyn_CreateOperationSetV1","item/ProjectId":"@outputs('Perform_an_msdyn_CreateProjectV1_unbound_action')?['body/ProjectId']","item/Description":"Operation Set for Power Automate - @{formatDateTime(utcNow(), 'dd-MM-yy')}"},"authentication":{"type":"Raw","value":"@json(decodeBase64(triggerOutputs().headers['X-MS-APIM-Tokens']))['$ConnectionKey']"}}},"List_Top_Project_Bucket_1_row":{"runAfter":{"List_Top_25_Contact_rows":["Succeeded"]},"metadata":{"operationMetadataId":"ae3ea046-024d-4de4-b6bb-bcde4adb9037"},"type":"OpenApiConnection","inputs":{"host":{"connectionName":"shared_commondataserviceforapps","operationId":"ListRecords","apiId":"/providers/Microsoft.PowerApps/apis/shared_commondataserviceforapps"},"parameters":{"entityName":"msdyn_projectbuckets","$select":"msdyn_project, msdyn_name","$filter":"(_msdyn_project_value eq @{outputs('Perform_an_msdyn_CreateProjectV1_unbound_action')?['body/ProjectId']} and msdyn_name eq 'Bucket 1')","$top":1},"authentication":{"type":"Raw","value":"@json(decodeBase64(triggerOutputs().headers['X-MS-APIM-Tokens']))['$ConnectionKey']"}}},"Perform_an_msdyn_ExecuteOperationSetV1_unbound_action":{"runAfter":{"Apply_to_each_Contact":["Succeeded"]},"metadata":{"operationMetadataId":"de3ae833-087a-4f39-a056-5d2513fb439e"},"type":"OpenApiConnection","inputs":{"host":{"connectionName":"shared_commondataserviceforapps","operationId":"PerformUnboundAction","apiId":"/providers/Microsoft.PowerApps/apis/shared_commondataserviceforapps"},"parameters":{"actionName":"msdyn_ExecuteOperationSetV1","item/OperationSetId":"@outputs('Perform_an_msdyn_CreateOperationSetV1_unbound_action')?['body/OperationSetId']"},"authentication":{"type":"Raw","value":"@json(decodeBase64(triggerOutputs().headers['X-MS-APIM-Tokens']))['$ConnectionKey']"}}},"Initialize_OperationSetStatus_variable":{"runAfter":{"Initialize_TMCounter_variable":["Succeeded"]},"metadata":{"operationMetadataId":"a8cbf71e-43ba-49ac-b60d-166a1527323f"},"type":"InitializeVariable","inputs":{"variables":[{"name":"OperationSetStatus","type":"string"}]}},"Condition_-_Check_OperationSetStatus":{"actions":{"Terminate_as_Succeeded":{"runAfter":{},"metadata":{"operationMetadataId":"71b7ce20-e762-4543-b44f-9bbf43724dc0"},"type":"Terminate","inputs":{"runStatus":"Succeeded"}}},"runAfter":{"Set_OperationSetStatus_variable":["Succeeded"]},"else":{"actions":{"Terminate_as_Failed":{"runAfter":{},"metadata":{"operationMetadataId":"297b1e83-8469-4be5-adad-b5ce92bd7aa6"},"type":"Terminate","inputs":{"runStatus":"Failed","runError":{"code":"@variables('OperationSetStatus')","message":"OperationSet failed to process successfully"}}}}},"expression":{"equals":["@variables('OperationSetStatus')","@string(192350003)"]},"metadata":{"operationMetadataId":"12e7af1e-6a36-4df3-8c92-c8a29f207f3d"},"type":"If"},"Delay_for_2_Minutes":{"runAfter":{"Perform_an_msdyn_ExecuteOperationSetV1_unbound_action":["Succeeded"]},"metadata":{"operationMetadataId":"0af03188-e06b-4fb8-98d1-3357759f0297"},"type":"Wait","inputs":{"interval":{"count":2,"unit":"Minute"}}},"Set_OperationSetStatus_variable":{"runAfter":{"Get_Operation_Set":["Succeeded"]},"metadata":{"operationMetadataId":"b2e68f3d-fc35-47cb-b121-aada905733b8"},"type":"SetVariable","inputs":{"name":"OperationSetStatus","value":"@{outputs('Get_Operation_Set')?['body/msdyn_status']}"}},"Get_Operation_Set":{"runAfter":{"Delay_for_2_Minutes":["Succeeded"]},"metadata":{"operationMetadataId":"6d055888-9ff6-4c27-9fa6-d7e24a774389"},"type":"OpenApiConnection","inputs":{"host":{"connectionName":"shared_commondataserviceforapps","operationId":"GetItem","apiId":"/providers/Microsoft.PowerApps/apis/shared_commondataserviceforapps"},"parameters":{"entityName":"msdyn_operationsets","recordId":"@outputs('Perform_an_msdyn_CreateOperationSetV1_unbound_action')?['body/OperationSetId']","$select":"msdyn_status"},"authentication":{"type":"Raw","value":"@json(decodeBase64(triggerOutputs().headers['X-MS-APIM-Tokens']))['$ConnectionKey']"}}}}}},"schemaVersion":"1.0.0.0"}