<ImportExportXml xmlns:xsi="http://www.w3.org/2001/XMLSchema-instance">
  <Entities>
    <Entity>
      <Name LocalizedName="Account" OriginalName="">Account</Name>
      <EntityInfo>
        <entity Name="Account" unmodified="1">
          <attributes />
        </entity>
      </EntityInfo>
      <RibbonDiffXml>
        <CustomActions />
        <Templates>
          <RibbonTemplates Id="Mscrm.Templates"></RibbonTemplates>
        </Templates>
        <CommandDefinitions />
        <RuleDefinitions>
          <TabDisplayRules />
          <DisplayRules />
          <EnableRules />
        </RuleDefinitions>
        <LocLabels />
      </RibbonDiffXml>
    </Entity>
    <Entity>
      <Name LocalizedName="Contact" OriginalName="">Contact</Name>
      <EntityInfo>
        <entity Name="Contact">
          <attributes>
            <attribute PhysicalName="crmchap_adfaccountlookupid">
              <Type>lookup</Type>
              <Name>crmchap_adfaccountlookupid</Name>
              <LogicalName>crmchap_adfaccountlookupid</LogicalName>
              <RequiredLevel>none</RequiredLevel>
              <DisplayMask>ValidForAdvancedFind|ValidForForm|ValidForGrid</DisplayMask>
              <ValidForUpdateApi>1</ValidForUpdateApi>
              <ValidForReadApi>1</ValidForReadApi>
              <ValidForCreateApi>1</ValidForCreateApi>
              <IsCustomField>1</IsCustomField>
              <IsAuditEnabled>0</IsAuditEnabled>
              <IsSecured>0</IsSecured>
              <IntroducedVersion>0.1</IntroducedVersion>
              <IsCustomizable>1</IsCustomizable>
              <IsRenameable>1</IsRenameable>
              <CanModifySearchSettings>1</CanModifySearchSettings>
              <CanModifyRequirementLevelSettings>1</CanModifyRequirementLevelSettings>
              <CanModifyAdditionalSettings>1</CanModifyAdditionalSettings>
              <SourceType>0</SourceType>
              <IsGlobalFilterEnabled>0</IsGlobalFilterEnabled>
              <IsSortableEnabled>0</IsSortableEnabled>
              <CanModifyGlobalFilterSettings>1</CanModifyGlobalFilterSettings>
              <CanModifyIsSortableSettings>1</CanModifyIsSortableSettings>
              <IsDataSourceSecret>0</IsDataSourceSecret>
              <AutoNumberFormat></AutoNumberFormat>
              <LookupStyle>single</LookupStyle>
              <LookupTypes />
              <displaynames>
                <displayname description="ADF Account Lookup" languagecode="1033" />
              </displaynames>
              <Descriptions>
                <Description description="Temporary field used by Azure Data Factory to store the related Company Name (parentcustomerid) field." languagecode="1033" />
              </Descriptions>
            </attribute>
          </attributes>
          <EntitySetName>contacts</EntitySetName>
          <IsDuplicateCheckSupported>1</IsDuplicateCheckSupported>
          <IsBusinessProcessEnabled>1</IsBusinessProcessEnabled>
          <IsRequiredOffline>0</IsRequiredOffline>
          <IsInteractionCentricEnabled>1</IsInteractionCentricEnabled>
          <IsCollaboration>0</IsCollaboration>
          <AutoRouteToOwnerQueue>0</AutoRouteToOwnerQueue>
          <IsConnectionsEnabled>1</IsConnectionsEnabled>
          <EntityColor>#005088</EntityColor>
          <IsDocumentManagementEnabled>1</IsDocumentManagementEnabled>
          <IsOneNoteIntegrationEnabled>0</IsOneNoteIntegrationEnabled>
          <IsKnowledgeManagementEnabled>0</IsKnowledgeManagementEnabled>
          <IsSLAEnabled>0</IsSLAEnabled>
          <IsDocumentRecommendationsEnabled>0</IsDocumentRecommendationsEnabled>
          <IsBPFEntity>0</IsBPFEntity>
          <OwnershipTypeMask>UserOwned</OwnershipTypeMask>
          <EntityMask>ActivityPointer</EntityMask>
          <IsAuditEnabled>0</IsAuditEnabled>
          <IsRetrieveAuditEnabled>0</IsRetrieveAuditEnabled>
          <IsRetrieveMultipleAuditEnabled>0</IsRetrieveMultipleAuditEnabled>
          <IsActivity>0</IsActivity>
          <ActivityTypeMask></ActivityTypeMask>
          <IsActivityParty>1</IsActivityParty>
          <IsReplicated>1</IsReplicated>
          <IsReplicationUserFiltered>1</IsReplicationUserFiltered>
          <IsMailMergeEnabled>1</IsMailMergeEnabled>
          <IsVisibleInMobile>1</IsVisibleInMobile>
          <IsVisibleInMobileClient>1</IsVisibleInMobileClient>
          <IsReadOnlyInMobileClient>0</IsReadOnlyInMobileClient>
          <IsOfflineInMobileClient>1</IsOfflineInMobileClient>
          <DaysSinceRecordLastModified>0</DaysSinceRecordLastModified>
          <MobileOfflineFilters>
		&lt;fetch version="1.0" output-format="xml-platform" mapping="logical" distinct="false"&gt;
			&lt;entity name="contact"&gt;
				&lt;filter type="and"&gt;
					&lt;condition attribute="modifiedon" operator="last-x-days" value="10"/&gt;
				&lt;/filter&gt;
			&lt;/entity&gt;
		&lt;/fetch&gt;
	</MobileOfflineFilters>
          <IsMapiGridEnabled>1</IsMapiGridEnabled>
          <IsReadingPaneEnabled>1</IsReadingPaneEnabled>
          <IsQuickCreateEnabled>1</IsQuickCreateEnabled>
          <SyncToExternalSearchIndex>1</SyncToExternalSearchIndex>
          <IntroducedVersion>5.0.0.0</IntroducedVersion>
          <EnforceStateTransitions>0</EnforceStateTransitions>
          <EntityHelpUrlEnabled>0</EntityHelpUrlEnabled>
          <ChangeTrackingEnabled>1</ChangeTrackingEnabled>
          <IsEnabledForExternalChannels>1</IsEnabledForExternalChannels>
          <HasRelatedNotes>True</HasRelatedNotes>
          <HasRelatedFeedback>True</HasRelatedFeedback>
          <HasRelatedActivities>True</HasRelatedActivities>
        </entity>
      </EntityInfo>
      <RibbonDiffXml>
        <CustomActions />
        <Templates>
          <RibbonTemplates Id="Mscrm.Templates"></RibbonTemplates>
        </Templates>
        <CommandDefinitions />
        <RuleDefinitions>
          <TabDisplayRules />
          <DisplayRules />
          <EnableRules />
        </RuleDefinitions>
        <LocLabels />
      </RibbonDiffXml>
    </Entity>
  </Entities>
  <Roles></Roles>
  <Workflows></Workflows>
  <FieldSecurityProfiles></FieldSecurityProfiles>
  <Templates />
  <EntityMaps />
  <EntityRelationships>
    <EntityRelationship Name="crmchap_adf_account_contact">
      <EntityRelationshipType>OneToMany</EntityRelationshipType>
      <IsCustomizable>1</IsCustomizable>
      <IntroducedVersion>0.1</IntroducedVersion>
      <IsHierarchical>0</IsHierarchical>
      <ReferencingEntityName>Contact</ReferencingEntityName>
      <ReferencedEntityName>Account</ReferencedEntityName>
      <CascadeAssign>NoCascade</CascadeAssign>
      <CascadeDelete>RemoveLink</CascadeDelete>
      <CascadeReparent>NoCascade</CascadeReparent>
      <CascadeShare>NoCascade</CascadeShare>
      <CascadeUnshare>NoCascade</CascadeUnshare>
      <CascadeRollupView>NoCascade</CascadeRollupView>
      <IsValidForAdvancedFind>1</IsValidForAdvancedFind>
      <ReferencingAttributeName>crmchap_adfaccountlookupid</ReferencingAttributeName>
      <RelationshipDescription>
        <Descriptions>
          <Description description="Temporary field used by Azure Data Factory to store the related Company Name (parentcustomerid) field." languagecode="1033" />
        </Descriptions>
      </RelationshipDescription>
      <EntityRelationshipRoles>
        <EntityRelationshipRole>
          <NavPaneDisplayOption>UseCollectionName</NavPaneDisplayOption>
          <NavPaneArea>Details</NavPaneArea>
          <NavPaneOrder>10000</NavPaneOrder>
          <NavigationPropertyName>crmchap_adfaccountlookupid</NavigationPropertyName>
          <RelationshipRoleType>1</RelationshipRoleType>
        </EntityRelationshipRole>
        <EntityRelationshipRole>
          <NavigationPropertyName>crmchap_adf_account_contact</NavigationPropertyName>
          <RelationshipRoleType>0</RelationshipRoleType>
        </EntityRelationshipRole>
      </EntityRelationshipRoles>
    </EntityRelationship>
  </EntityRelationships>
  <OrganizationSettings />
  <optionsets />
  <CustomControls />
  <EntityDataProviders />
  <Languages>
    <Language>1033</Language>
  </Languages>
</ImportExportXml>