{
  "properties": {
    "connectionReferences": {
      "shared_commondataserviceforapps": {
        "runtimeSource": "embedded",
        "connection": {
          "connectionReferenceLogicalName": "promx_sharedcommondataserviceforapps_92a01"
        },
        "api": {
          "name": "shared_commondataserviceforapps"
        }
      },
      "shared_approvals": {
        "runtimeSource": "embedded",
        "connection": {
          "connectionReferenceLogicalName": "promx_sharedapprovals_4f824"
        },
        "api": {
          "name": "shared_approvals"
        }
      }
    },
    "definition": {
      "$schema": "https://schema.management.azure.com/providers/Microsoft.Logic/schemas/2016-06-01/workflowdefinition.json#",
      "contentVersion": "1.0.0.0",
      "parameters": {
        "$connections": {
          "defaultValue": {},
          "type": "Object"
        },
        "$authentication": {
          "defaultValue": {},
          "type": "SecureObject"
        }
      },
      "triggers": {
        "manual": {
          "metadata": {
            "operationMetadataId": "c2598ded-f6a5-45ca-96ea-fe96f2706254"
          },
          "type": "Request",
          "kind": "Http",
          "inputs": {
            "schema": {
              "type": "object",
              "properties": {
                "id": {
                  "type": "string"
                }
              }
            },
            "method": "POST"
          }
        }
      },
      "actions": {
        "Get_a_Project_row_by_ID": {
          "runAfter": {},
          "metadata": {
            "operationMetadataId": "8e23a0a7-8ef3-4349-aae6-c4b2ee7d6a93"
          },
          "type": "OpenApiConnection",
          "inputs": {
            "host": {
              "connectionName": "shared_commondataserviceforapps",
              "operationId": "GetItem",
              "apiId": "/providers/Microsoft.PowerApps/apis/shared_commondataserviceforapps"
            },
            "parameters": {
              "entityName": "msdyn_projects",
              "recordId": "@triggerBody()?['id']",
              "$select": "_promx_budgetapprover_value,msdyn_subject"
            },
            "authentication": "@parameters('$authentication')"
          }
        },
        "Get_a_User_row_by_ID": {
          "runAfter": {
            "Get_a_Project_row_by_ID": [
              "Succeeded"
            ]
          },
          "metadata": {
            "operationMetadataId": "1e3b7092-2b3b-4dcf-95bf-dbc4003bf4e4"
          },
          "type": "OpenApiConnection",
          "inputs": {
            "host": {
              "connectionName": "shared_commondataserviceforapps",
              "operationId": "GetItem",
              "apiId": "/providers/Microsoft.PowerApps/apis/shared_commondataserviceforapps"
            },
            "parameters": {
              "entityName": "systemusers",
              "recordId": "@outputs('Get_a_Project_row_by_ID')?['body/_promx_budgetapprover_value']",
              "$select": "internalemailaddress"
            },
            "authentication": "@parameters('$authentication')"
          }
        },
        "Start_and_wait_for_an_approval": {
          "runAfter": {
            "Execute_promx_ExecuteBudgetCustomAPIs_Custom_APIs_-_In_Review": [
              "Succeeded"
            ]
          },
          "metadata": {
            "operationMetadataId": "7f0f7854-ef7e-4f04-b8e3-ff482038c8e8"
          },
          "type": "OpenApiConnectionWebhook",
          "inputs": {
            "host": {
              "connectionName": "shared_approvals",
              "operationId": "StartAndWaitForAnApproval",
              "apiId": "/providers/Microsoft.PowerApps/apis/shared_approvals"
            },
            "parameters": {
              "approvalType": "Basic",
              "WebhookApprovalCreationInput/title": "Budget for @{outputs('Get_a_Project_row_by_ID')?['body/msdyn_subject']} Project Requires Approval",
              "WebhookApprovalCreationInput/assignedTo": "@{outputs('Get_a_User_row_by_ID')?['body/internalemailaddress']};",
              "WebhookApprovalCreationInput/details": "A new project budget is ready for your review.",
              "WebhookApprovalCreationInput/itemLink": "https://projectoperationsisgreat.crm.dynamics.com/main.aspx?appid=27f4339c-b3db-ed11-a7c7-0022482cdcf6&forceUCI=1&pagetype=entityrecord&etn=msdyn_project&id=@{triggerBody()?['id']}",
              "WebhookApprovalCreationInput/itemLinkDescription": "Link to the @{outputs('Get_a_Project_row_by_ID')?['body/msdyn_subject']} Project that the Budget relates to",
              "WebhookApprovalCreationInput/enableNotifications": true,
              "WebhookApprovalCreationInput/enableReassignment": true
            },
            "authentication": "@parameters('$authentication')"
          }
        },
        "Condition": {
          "actions": {
            "Execute_promx_ExecuteBudgetCustomAPIs_Custom_APIs_-_Approved": {
              "runAfter": {},
              "metadata": {
                "operationMetadataId": "ec06c50e-22e0-4b78-a652-e70e41d7dd16"
              },
              "type": "OpenApiConnection",
              "inputs": {
                "host": {
                  "connectionName": "shared_commondataserviceforapps",
                  "operationId": "PerformUnboundAction",
                  "apiId": "/providers/Microsoft.PowerApps/apis/shared_commondataserviceforapps"
                },
                "parameters": {
                  "actionName": "promx_ExecuteBudgetCustomAPIs",
                  "item/Message": "msdyn_UpdateBudgetStatusForProject",
                  "item/ProjectID": "@triggerBody()?['id']",
                  "item/TargetState": 3
                },
                "authentication": "@parameters('$authentication')"
              }
            }
          },
          "runAfter": {
            "Start_and_wait_for_an_approval": [
              "Succeeded"
            ]
          },
          "else": {
            "actions": {
              "Execute_promx_ExecuteBudgetCustomAPIs_Custom_APIs_-_Rejected": {
                "runAfter": {},
                "metadata": {
                  "operationMetadataId": "dd6e72f0-0b50-41ed-9880-59fcdeed2e62"
                },
                "type": "OpenApiConnection",
                "inputs": {
                  "host": {
                    "connectionName": "shared_commondataserviceforapps",
                    "operationId": "PerformUnboundAction",
                    "apiId": "/providers/Microsoft.PowerApps/apis/shared_commondataserviceforapps"
                  },
                  "parameters": {
                    "actionName": "promx_ExecuteBudgetCustomAPIs",
                    "item/Message": "msdyn_UpdateBudgetStatusForProject",
                    "item/ProjectID": "@triggerBody()?['id']",
                    "item/TargetState": 4
                  },
                  "authentication": "@parameters('$authentication')"
                }
              }
            }
          },
          "expression": {
            "not": {
              "equals": [
                "@outputs('Start_and_wait_for_an_approval')?['body/outcome']",
                "Reject"
              ]
            }
          },
          "metadata": {
            "operationMetadataId": "473e8eb7-7c6a-4ec9-b831-e847e56fd335"
          },
          "type": "If"
        },
        "Execute_promx_ExecuteBudgetCustomAPIs_Custom_APIs_-_In_Review": {
          "runAfter": {
            "Get_a_User_row_by_ID": [
              "Succeeded"
            ]
          },
          "metadata": {
            "operationMetadataId": "be6a8537-bd70-47eb-962a-786ed720ac46"
          },
          "type": "OpenApiConnection",
          "inputs": {
            "host": {
              "connectionName": "shared_commondataserviceforapps",
              "operationId": "PerformUnboundAction",
              "apiId": "/providers/Microsoft.PowerApps/apis/shared_commondataserviceforapps"
            },
            "parameters": {
              "actionName": "promx_ExecuteBudgetCustomAPIs",
              "item/Message": "msdyn_UpdateBudgetStatusForProject",
              "item/ProjectID": "@triggerBody()?['id']",
              "item/TargetState": 2
            },
            "authentication": "@parameters('$authentication')"
          }
        }
      },
      "outputs": {}
    },
    "templateName": ""
  },
  "schemaVersion": "1.0.0.0"
}