<customapirequestparameter uniquename="Reason">
  <description default="The reason or notes elaborating on why the Quote has been approved or rejected.">
    <label description="The reason or notes elaborating on why the Quote has been approved or rejected." languagecode="1033" />
  </description>
  <displayname default="Reason">
    <label description="Reason" languagecode="1033" />
  </displayname>
  <iscustomizable>1</iscustomizable>
  <isoptional>0</isoptional>
  <name>Reason</name>
  <type>10</type>
</customapirequestparameter>