<customapirequestparameter uniquename="FirstValue">
  <description default="The first value to use as part of the calculation">
    <label description="The first value to use as part of the calculation" languagecode="1033" />
  </description>
  <displayname default="First Value">
    <label description="First Value" languagecode="1033" />
  </displayname>
  <iscustomizable>1</iscustomizable>
  <isoptional>0</isoptional>
  <name>First Value</name>
  <type>2</type>
</customapirequestparameter>