<customapirequestparameter uniquename="SecondValue">
  <description default="The second value to use as part of the calculation">
    <label description="The second value to use as part of the calculation" languagecode="1033" />
  </description>
  <displayname default="Second Value">
    <label description="Second Value" languagecode="1033" />
  </displayname>
  <iscustomizable>1</iscustomizable>
  <isoptional>0</isoptional>
  <name>Second Value</name>
  <type>2</type>
</customapirequestparameter>