<customapirequestparameter uniquename="Message">
  <description default="The Custom API (message) to call. Currently supports the following: msdyn_UpdateBudgetStatusForProject">
    <label description="The Custom API (message) to call. Currently supports the following: msdyn_UpdateBudgetStatusForProject" languagecode="1033" />
  </description>
  <displayname default="Message">
    <label description="Message" languagecode="1033" />
  </displayname>
  <iscustomizable>1</iscustomizable>
  <isoptional>0</isoptional>
  <name>Message</name>
  <type>10</type>
</customapirequestparameter>