<customapirequestparameter uniquename="Operator">
  <description default="The type of math operation to perform - either addition (+), subtraction (-), multiplication (*) or division (/)">
    <label description="The type of math operation to perform - either addition (+), subtraction (-), multiplication (*) or division (/)" languagecode="1033" />
  </description>
  <displayname default="Operator">
    <label description="Operator" languagecode="1033" />
  </displayname>
  <iscustomizable>1</iscustomizable>
  <isoptional>0</isoptional>
  <name>Operator</name>
  <type>10</type>
</customapirequestparameter>