<customapirequestparameter uniquename="IsApproved">
  <description default="Flag to indicate whether the Quote has been approved (true) or rejected (false).">
    <label description="Flag to indicate whether the Quote has been approved (true) or rejected (false)." languagecode="1033" />
  </description>
  <displayname default="Is Approved?">
    <label description="Is Approved?" languagecode="1033" />
  </displayname>
  <iscustomizable>1</iscustomizable>
  <isoptional>0</isoptional>
  <name>Is Approved?</name>
  <type>0</type>
</customapirequestparameter>