<ImportExportXml xmlns:xsi="http://www.w3.org/2001/XMLSchema-instance">
  <Entities>
    <Entity>
      <Name LocalizedName="Quote" OriginalName="Quote">Quote</Name>
      <EntityInfo>
        <entity Name="Quote">
          <attributes>
            <attribute PhysicalName="duff_accountteamnotes">
              <Type>ntext</Type>
              <Name>duff_accountteamnotes</Name>
              <LogicalName>duff_accountteamnotes</LogicalName>
              <RequiredLevel>none</RequiredLevel>
              <DisplayMask>ValidForForm|ValidForGrid</DisplayMask>
              <ImeMode>auto</ImeMode>
              <ValidForUpdateApi>1</ValidForUpdateApi>
              <ValidForReadApi>1</ValidForReadApi>
              <ValidForCreateApi>1</ValidForCreateApi>
              <IsCustomField>1</IsCustomField>
              <IsAuditEnabled>0</IsAuditEnabled>
              <IsSecured>0</IsSecured>
              <IntroducedVersion>1.0.0.0</IntroducedVersion>
              <IsCustomizable>1</IsCustomizable>
              <IsRenameable>1</IsRenameable>
              <CanModifySearchSettings>1</CanModifySearchSettings>
              <CanModifyRequirementLevelSettings>1</CanModifyRequirementLevelSettings>
              <CanModifyAdditionalSettings>1</CanModifyAdditionalSettings>
              <SourceType>0</SourceType>
              <IsGlobalFilterEnabled>0</IsGlobalFilterEnabled>
              <IsSortableEnabled>0</IsSortableEnabled>
              <CanModifyGlobalFilterSettings>1</CanModifyGlobalFilterSettings>
              <CanModifyIsSortableSettings>1</CanModifyIsSortableSettings>
              <IsDataSourceSecret>0</IsDataSourceSecret>
              <AutoNumberFormat></AutoNumberFormat>
              <IsSearchable>0</IsSearchable>
              <IsFilterable>0</IsFilterable>
              <IsRetrievable>0</IsRetrievable>
              <IsLocalizable>0</IsLocalizable>
              <Format>text</Format>
              <MaxLength>2000</MaxLength>
              <displaynames>
                <displayname description="Account Team Notes" languagecode="1033" />
              </displaynames>
              <Descriptions>
                <Description description="Enter some useful notes for the Accounts team relating to the won Quote." languagecode="1033" />
              </Descriptions>
            </attribute>
          </attributes>
        </entity>
      </EntityInfo>
      <FormXml>
        <forms type="main">
          <systemform>
            <formid>{54076a2d-d043-4a1b-b061-4d06846371a9}</formid>
            <IntroducedVersion>6.0.0.0</IntroducedVersion>
            <FormPresentation>1</FormPresentation>
            <FormActivationState>1</FormActivationState>
            <form headerdensity="HighWithControls" solutionaction="Modified">
              <tabs>
                <tab name="Summary_tab" verticallayout="true" id="{0B04E4B1-3339-4288-9FD6-96A1F26E22B9}" IsUserDefined="0" locklevel="0" expanded="true" showlabel="true" ordinalvalue="0">
                  <columns>
                    <column width="21%" id="0">
                      <sections>
                        <section name="quote information" showlabel="false" showbar="false" id="{0196B23E-8DC5-4C2A-B911-FCDE404452C9}" IsUserDefined="0" columns="1" locklevel="0" labelwidth="115" celllabelalignment="Left" celllabelposition="Left" ordinalvalue="0">
                          <rows>
                            <row>
                              <cell id="{490D5E8C-F769-4862-9116-4FBF4B218498}" ordinalvalue="10000">
                                <labels>
                                  <label description="Quote ID" languagecode="1033" solutionaction="Added" />
                                  <label description="Angebots-ID" languagecode="1031" solutionaction="Added" />
                                </labels>
                              </cell>
                            </row>
                            <row>
                              <cell id="{14088632-B634-4B31-8AF0-CB555392A0AC}" ordinalvalue="10001">
                                <labels>
                                  <label description="Revision ID" languagecode="1033" solutionaction="Added" />
                                  <label description="Revisions-ID" languagecode="1031" solutionaction="Added" />
                                </labels>
                              </cell>
                            </row>
                            <row>
                              <cell id="{CDF20887-468F-4DE7-A8BD-CA9309820855}" ordinalvalue="10002">
                                <labels>
                                  <label description="Owner" languagecode="1033" solutionaction="Added" />
                                  <label description="Besitzer" languagecode="1031" solutionaction="Added" />
                                </labels>
                              </cell>
                            </row>
                            <row>
                              <cell id="{4D52C08C-A9AE-4859-9A85-6F8B244384CB}" ordinalvalue="10003">
                                <labels>
                                  <label description="Name" languagecode="1033" solutionaction="Added" />
                                  <label description="Name" languagecode="1031" solutionaction="Added" />
                                </labels>
                              </cell>
                            </row>
                            <row>
                              <cell id="{C5F773CF-5A7B-42E8-9A8D-451B77BE3372}" ordinalvalue="10004">
                                <labels>
                                  <label description="Currency" languagecode="1033" solutionaction="Added" />
                                  <label description="Währung" languagecode="1031" solutionaction="Added" />
                                </labels>
                              </cell>
                            </row>
                            <row>
                              <cell id="{149D0538-2F20-4631-A6D9-3488066D5144}" ordinalvalue="10005">
                                <labels>
                                  <label description="Price List" languagecode="1033" solutionaction="Added" />
                                  <label description="Preisliste" languagecode="1031" solutionaction="Added" />
                                </labels>
                              </cell>
                            </row>
                          </rows>
                        </section>
                        <section name="shipping information" showlabel="true" showbar="false" id="{1CDD1ABB-4B2E-4A34-9BE9-B7B5324BEBF6}" IsUserDefined="0" columns="1" locklevel="0" labelwidth="115" celllabelalignment="Left" celllabelposition="Left" ordinalvalue="1">
                          <rows>
                            <row>
                              <cell id="{22F9B372-05FD-46DA-A947-A847EB3FEE6A}" ordinalvalue="10000">
                                <labels>
                                  <label description="Shipping Method" languagecode="1033" solutionaction="Added" />
                                  <label description="Versandmethode" languagecode="1031" solutionaction="Added" />
                                </labels>
                              </cell>
                            </row>
                            <row>
                              <cell id="{13368491-9156-4784-B1B6-4CA90D992F05}" ordinalvalue="10001">
                                <labels>
                                  <label description="Payment Terms" languagecode="1033" solutionaction="Added" />
                                  <label description="Zahlungsbedingungen" languagecode="1031" solutionaction="Added" />
                                </labels>
                              </cell>
                            </row>
                            <row>
                              <cell id="{47409B13-C592-447A-8080-F4B7E10FB4B7}" ordinalvalue="10002">
                                <labels>
                                  <label description="Freight Terms" languagecode="1033" solutionaction="Added" />
                                  <label description="Lieferbedingungen" languagecode="1031" solutionaction="Added" />
                                </labels>
                              </cell>
                            </row>
                          </rows>
                        </section>
                        <section name="addresses" showlabel="true" showbar="false" id="{BF9211DB-F76C-4C84-82D3-F86B27A7B63D}" IsUserDefined="0" ordinalvalue="2">
                          <rows>
                            <row>
                              <cell id="{a74914a1-9fd8-442a-947b-199ae358b93c}" showlabel="true" ordinalvalue="10001" solutionaction="Modified">
                                <labels>
                                  <label description="Bill To Address" languagecode="1033" solutionaction="Added" />
                                  <label description="Rechnungsadresse" languagecode="1031" solutionaction="Added" />
                                </labels>
                              </cell>
                            </row>
                            <row>
                              <cell id="{2de18d93-6808-4b2e-a661-285b9cd68200}" showlabel="true" ordinalvalue="10002" solutionaction="Modified">
                                <labels>
                                  <label description="Ship To" languagecode="1033" solutionaction="Added" />
                                  <label description="Lieferadresse" languagecode="1031" solutionaction="Added" />
                                </labels>
                              </cell>
                            </row>
                            <row>
                              <cell id="{03431395-4ddd-4712-aaf8-e8251eb07090}" showlabel="true" ordinalvalue="10003" solutionaction="Modified">
                                <labels>
                                  <label description="Ship To Address" languagecode="1033" solutionaction="Added" />
                                  <label description="Lieferadresse" languagecode="1031" solutionaction="Added" />
                                </labels>
                              </cell>
                            </row>
                            <row>
                              <cell id="{b55dc42a-bfa2-408b-9a6b-72a900fa0352}" locklevel="0" colspan="1" rowspan="1" ordinalvalue="10000" solutionaction="Added">
                                <labels>
                                  <label description="Bill To Name" languagecode="1033" />
                                  <label description="Name für Rechnungsadresse" languagecode="1031" />
                                </labels>
                                <control id="billto_name" classid="{4273EDBD-AC1D-40D3-9FB2-095C621B552D}" datafieldname="billto_name" disabled="false" />
                              </cell>
                            </row>
                          </rows>
                        </section>
                      </sections>
                    </column>
                    <column width="53%" id="1">
                      <sections>
                        <section name="products" showlabel="false" showbar="false" id="{760CDC30-0EF9-4F1E-A117-38F60EAC0E86}" IsUserDefined="0" ordinalvalue="0">
                          <rows>
                            <row>
                              <cell colspan="2" rowspan="2" showlabel="true" auto="true" id="{09274D2B-B78F-471F-86CB-04F4EF9B88EF}" ordinalvalue="10000">
                                <labels />
                              </cell>
                            </row>
                          </rows>
                        </section>
                        <section name="totals" labelwidth="250" showlabel="false" showbar="false" id="{D17282A8-648F-47DF-BECF-3218A56C57B5}" IsUserDefined="0" ordinalvalue="3">
                          <rows>
                            <row>
                              <cell id="{60240442-E3C1-46BD-9796-1A2306CBFDC6}" ordinalvalue="10000">
                                <labels />
                              </cell>
                            </row>
                            <row>
                              <cell id="{8F98ED2F-A1F4-472D-88E8-157965F63013}" ordinalvalue="10001">
                                <labels />
                              </cell>
                            </row>
                            <row>
                              <cell id="{08B51350-7455-462F-9ADC-5012CCCDCC4D}" ordinalvalue="10002">
                                <labels />
                              </cell>
                            </row>
                            <row>
                              <cell id="{09C2B2EC-1E8E-4F56-9BC9-A6788FE92210}" ordinalvalue="10003">
                                <labels />
                              </cell>
                            </row>
                            <row>
                              <cell id="{93BEF190-1B37-4BB6-951D-3C3D03FE6114}" ordinalvalue="10004">
                                <labels />
                              </cell>
                            </row>
                            <row>
                              <cell id="{169A480E-E626-44E1-BF92-1C1D06C84638}" ordinalvalue="10005">
                                <labels />
                              </cell>
                            </row>
                            <row>
                              <cell id="{09936002-2191-4B78-860B-057367726B5B}" ordinalvalue="10006">
                                <labels>
                                  <label description="Total Amount" languagecode="1033" solutionaction="Added" />
                                  <label description="Gesamtbetrag" languagecode="1031" solutionaction="Added" />
                                </labels>
                              </cell>
                            </row>
                          </rows>
                        </section>
                      </sections>
                    </column>
                    <column width="26%" id="2">
                      <sections>
                        <section name="sales_information" showlabel="true" showbar="false" id="{AE74B570-56C3-4FF6-A27B-F3A779A7356B}" IsUserDefined="0" ordinalvalue="0">
                          <rows>
                            <row>
                              <cell id="{84012BAE-D707-48FB-A439-812FAA831DE3}" ordinalvalue="10000">
                                <labels>
                                  <label description="Opportunity" languagecode="1033" solutionaction="Added" />
                                  <label description="Verkaufschance" languagecode="1031" solutionaction="Added" />
                                </labels>
                              </cell>
                            </row>
                            <row>
                              <cell id="{9c7e434b-8695-d94d-2654-8d02b40a6e7c}" showlabel="true" locklevel="0" ordinalvalue="10001">
                                <labels>
                                  <label description="Potential Customer" languagecode="1033" solutionaction="Added" />
                                  <label description="Potenzieller Kunde" languagecode="1031" solutionaction="Added" />
                                </labels>
                              </cell>
                            </row>
                          </rows>
                        </section>
                        <section name="description_section" showlabel="false" showbar="false" locklevel="0" id="{db63a003-5a93-8213-a8db-1b2bae85a4c3}" IsUserDefined="0" layout="varwidth" columns="1" labelwidth="115" celllabelalignment="Left" celllabelposition="Top" ordinalvalue="1">
                          <rows>
                            <row>
                              <cell id="{13407006-6b61-746d-c99a-317564094a11}" showlabel="true" locklevel="0" rowspan="8" ordinalvalue="10000">
                                <labels />
                              </cell>
                            </row>
                            <row>
                              <cell id="{8414418e-f585-4a7e-923f-4dd4692ddaae}" locklevel="0" colspan="1" rowspan="1" ordinalvalue="10001" solutionaction="Added">
                                <labels>
                                  <label description="Account Team Notes" languagecode="1033" />
                                </labels>
                                <control id="duff_accountteamnotes" classid="{E0DECE4B-6FC8-4A8F-A065-082708572369}" datafieldname="duff_accountteamnotes" disabled="false" />
                              </cell>
                            </row>
                          </rows>
                        </section>
                      </sections>
                    </column>
                  </columns>
                </tab>
              </tabs>
              <header id="{8724B7C3-1449-4D95-8C51-BBDAE21D5F1A}" celllabelposition="Top" columns="1111" labelwidth="115">
                <rows>
                  <row>
                    <cell id="{c38e6e74-c6cb-a612-edc9-48537b889be0}" showlabel="true" locklevel="0" ordinalvalue="10000">
                      <labels>
                        <label description="Total Amount" languagecode="1033" solutionaction="Added" />
                        <label description="Gesamtbetrag" languagecode="1031" solutionaction="Added" />
                      </labels>
                    </cell>
                    <cell id="{9B976068-EAA1-47AF-A26B-D4DA5B844EBC}" showlabel="true" ordinalvalue="20001">
                      <labels>
                        <label description="Effective From" languagecode="1033" solutionaction="Added" />
                        <label description="Gültig von" languagecode="1031" solutionaction="Added" />
                      </labels>
                    </cell>
                    <cell id="{96B55B92-F2CD-4EF1-8384-BF4D826CC681}" ordinalvalue="30002">
                      <labels>
                        <label description="Effective To" languagecode="1033" solutionaction="Added" />
                        <label description="Gültig bis" languagecode="1031" solutionaction="Added" />
                      </labels>
                    </cell>
                    <cell id="{3D2548CB-977B-4DAB-8787-5FDE44CCC3F8}" showlabel="true" locklevel="1" ordinalvalue="40003">
                      <labels />
                    </cell>
                  </row>
                </rows>
              </header>
              <footer id="{6a6a2f38-78b0-4d0d-8628-70910c656eb2}" celllabelposition="Top" columns="111" labelwidth="115" celllabelalignment="Left" solutionaction="Added">
                <rows>
                  <row>
                    <cell id="{98f0e934-fc57-4f4a-9c05-f64b63fd975c}" showlabel="false" ordinalvalue="10000">
                      <labels>
                        <label description="" languagecode="1033" />
                      </labels>
                    </cell>
                    <cell id="{e4a4d7bb-f26f-4970-a2de-a720f5a18794}" showlabel="false" ordinalvalue="20001">
                      <labels>
                        <label description="" languagecode="1033" />
                      </labels>
                    </cell>
                    <cell id="{72694eea-4ab4-413a-a10e-e497ca2621d8}" showlabel="false" ordinalvalue="30002">
                      <labels>
                        <label description="" languagecode="1033" />
                      </labels>
                    </cell>
                  </row>
                </rows>
              </footer>
            </form>
            <LocalizedNames>
              <LocalizedName description="Angebot" languagecode="1031" />
              <LocalizedName description="Quote" languagecode="1033" />
            </LocalizedNames>
            <Descriptions>
              <Description description="Aktualisiertes Standardformular für Angebote" languagecode="1031" />
              <Description description="Updated default Quote form" languagecode="1033" />
            </Descriptions>
          </systemform>
        </forms>
      </FormXml>
      <RibbonDiffXml>
        <CustomActions />
        <Templates>
          <RibbonTemplates Id="Mscrm.Templates"></RibbonTemplates>
        </Templates>
        <CommandDefinitions />
        <RuleDefinitions>
          <TabDisplayRules />
          <DisplayRules />
          <EnableRules />
        </RuleDefinitions>
        <LocLabels />
      </RibbonDiffXml>
    </Entity>
  </Entities>
  <Roles></Roles>
  <Workflows>
    <Workflow WorkflowId="{a5c05673-13b4-ec11-983f-000d3a0d19b9}" Name="Trigger Quote -&gt; Order Approval Process">
      <JsonFileName>/Workflows/TriggerQuote-OrderApprovalProcess-A5C05673-13B4-EC11-983F-000D3A0D19B9.json</JsonFileName>
      <Type>1</Type>
      <Subprocess>0</Subprocess>
      <Category>5</Category>
      <Mode>0</Mode>
      <Scope>4</Scope>
      <OnDemand>0</OnDemand>
      <TriggerOnCreate>0</TriggerOnCreate>
      <TriggerOnDelete>0</TriggerOnDelete>
      <AsyncAutodelete>0</AsyncAutodelete>
      <SyncWorkflowLogOnFailure>0</SyncWorkflowLogOnFailure>
      <StateCode>1</StateCode>
      <StatusCode>2</StatusCode>
      <RunAs>1</RunAs>
      <IsTransacted>1</IsTransacted>
      <IntroducedVersion>1.0.0.0</IntroducedVersion>
      <IsCustomizable>1</IsCustomizable>
      <BusinessProcessType>0</BusinessProcessType>
      <IsCustomProcessingStepAllowedForOtherPublishers>1</IsCustomProcessingStepAllowedForOtherPublishers>
      <PrimaryEntity>none</PrimaryEntity>
      <LocalizedNames>
        <LocalizedName languagecode="1033" description="Trigger Quote -&gt; Order Approval Process" />
      </LocalizedNames>
    </Workflow>
  </Workflows>
  <FieldSecurityProfiles></FieldSecurityProfiles>
  <Templates />
  <EntityMaps />
  <EntityRelationships />
  <OrganizationSettings />
  <optionsets />
  <CustomControls />
  <SolutionPluginAssemblies>
    <PluginAssembly FullName="D365.CustomAPIs.Demos, Version=1.0.0.0, Culture=neutral, PublicKeyToken=0a873ad70e244570" PluginAssemblyId="a6be1673-7a92-4cf5-a3c2-14f1808aff76" CustomizationLevel="1">
      <IsolationMode>2</IsolationMode>
      <SourceType>0</SourceType>
      <IntroducedVersion>1.0</IntroducedVersion>
      <FileName>/PluginAssemblies/D365CustomAPIsDemos-A6BE1673-7A92-4CF5-A3C2-14F1808AFF76/D365CustomAPIsDemos.dll</FileName>
      <PluginTypes>
        <PluginType AssemblyQualifiedName="D365.CustomAPIs.Demos.CustomAPI_CustomQuoteApproval, D365.CustomAPIs.Demos, Version=1.0.0.0, Culture=neutral, PublicKeyToken=0a873ad70e244570" PluginTypeId="858f41fd-6ae3-491b-a920-8da8b7188fb8" Name="D365.CustomAPIs.Demos.CustomAPI_CustomQuoteApproval">
          <FriendlyName>6a51ab88-9723-433d-910f-9abc3495607d</FriendlyName>
        </PluginType>
        <PluginType AssemblyQualifiedName="D365.CustomAPIs.Demos.CustomAPI_MathsCalculator, D365.CustomAPIs.Demos, Version=1.0.0.0, Culture=neutral, PublicKeyToken=0a873ad70e244570" PluginTypeId="69287fa4-c7a3-4618-a022-59e3927e305b" Name="D365.CustomAPIs.Demos.CustomAPI_MathsCalculator">
          <FriendlyName>b92bb93e-8673-46c8-bf72-e4cc5ff62e36</FriendlyName>
        </PluginType>
      </PluginTypes>
    </PluginAssembly>
  </SolutionPluginAssemblies>
  <AppModuleSiteMaps>
    <AppModuleSiteMap>
      <SiteMapUniqueName>duff_SalesApp</SiteMapUniqueName>
      <EnableCollapsibleGroups>False</EnableCollapsibleGroups>
      <ShowHome>True</ShowHome>
      <ShowPinned>True</ShowPinned>
      <ShowRecents>True</ShowRecents>
      <SiteMap IntroducedVersion="7.0.0.0">
        <Area Id="New_Area" ResourceId="SitemapDesigner.NewArea" DescriptionResourceId="SitemapDesigner.NewArea" ShowGroups="true" IntroducedVersion="7.0.0.0">
          <Titles>
            <Title LCID="1033" Title="Sales" />
          </Titles>
          <Group Id="NewGroup_b685f953" ResourceId="SitemapDesigner.NewGroup" IsProfile="false" ToolTipResourseId="SitemapDesigner.Unknown">
            <Titles>
              <Title LCID="1033" Title="Customers" />
            </Titles>
            <SubArea Id="NewSubArea_b750be61" Icon="/_imgs/imagestrips/transparent_spacer.gif" Entity="account" Client="All,Outlook,OutlookLaptopClient,OutlookWorkstationClient,Web" AvailableOffline="true" PassParams="false" Sku="All,OnPremise,Live,SPLA" />
            <SubArea Id="NewSubArea_586322b2" Icon="/_imgs/imagestrips/transparent_spacer.gif" Entity="contact" Client="All,Outlook,OutlookLaptopClient,OutlookWorkstationClient,Web" AvailableOffline="true" PassParams="false" Sku="All,OnPremise,Live,SPLA" />
          </Group>
          <Group Id="New_Group" ResourceId="SitemapDesigner.NewGroup" DescriptionResourceId="SitemapDesigner.NewGroup" IntroducedVersion="7.0.0.0" IsProfile="false" ToolTipResourseId="SitemapDesigner.Unknown">
            <Titles>
              <Title LCID="1033" Title="Sales" />
            </Titles>
            <SubArea Id="New_SubArea" Icon="/_imgs/imagestrips/transparent_spacer.gif" IntroducedVersion="7.0.0.0" Entity="opportunity" Client="All,Outlook,OutlookLaptopClient,OutlookWorkstationClient,Web" AvailableOffline="true" PassParams="false" Sku="All,OnPremise,Live,SPLA" />
            <SubArea Id="NewSubArea_5298695f" Icon="/_imgs/imagestrips/transparent_spacer.gif" Entity="quote" Client="All,Outlook,OutlookLaptopClient,OutlookWorkstationClient,Web" AvailableOffline="true" PassParams="false" Sku="All,OnPremise,Live,SPLA" />
            <SubArea Id="NewSubArea_c9ff1271" Icon="/_imgs/imagestrips/transparent_spacer.gif" Entity="salesorder" Client="All,Outlook,OutlookLaptopClient,OutlookWorkstationClient,Web" AvailableOffline="true" PassParams="false" Sku="All,OnPremise,Live,SPLA" />
          </Group>
          <Group Id="NewGroup_8f9db34e" ResourceId="SitemapDesigner.NewGroup" IsProfile="false" ToolTipResourseId="SitemapDesigner.Unknown">
            <Titles>
              <Title LCID="1033" Title="Collateral" />
            </Titles>
            <SubArea Id="NewSubArea_461dcbca" Icon="/_imgs/imagestrips/transparent_spacer.gif" Entity="pricelevel" Client="All,Outlook,OutlookLaptopClient,OutlookWorkstationClient,Web" AvailableOffline="true" PassParams="false" Sku="All,OnPremise,Live,SPLA" />
            <SubArea Id="NewSubArea_61fa78c9" Icon="/_imgs/imagestrips/transparent_spacer.gif" Entity="product" Client="All,Outlook,OutlookLaptopClient,OutlookWorkstationClient,Web" AvailableOffline="true" PassParams="false" Sku="All,OnPremise,Live,SPLA" />
          </Group>
        </Area>
      </SiteMap>
      <LocalizedNames>
        <LocalizedName description="Duff Sales App" languagecode="1033" />
      </LocalizedNames>
    </AppModuleSiteMap>
  </AppModuleSiteMaps>
  <AppModules>
    <AppModule>
      <UniqueName>duff_SalesApp</UniqueName>
      <IntroducedVersion>1.0.0.0</IntroducedVersion>
      <WebResourceId>953b9fac-1e5e-e611-80d6-00155ded156f</WebResourceId>
      <OptimizedFor></OptimizedFor>
      <statecode>0</statecode>
      <statuscode>1</statuscode>
      <FormFactor>1</FormFactor>
      <ClientType>4</ClientType>
      <NavigationType>0</NavigationType>
      <AppModuleComponents>
        <AppModuleComponent type="62" schemaName="duff_SalesApp" />
        <AppModuleComponent type="1" schemaName="account" />
        <AppModuleComponent type="1" schemaName="contact" />
        <AppModuleComponent type="1" schemaName="opportunity" />
        <AppModuleComponent type="1" schemaName="salesorder" />
        <AppModuleComponent type="1" schemaName="pricelevel" />
        <AppModuleComponent type="1" schemaName="product" />
        <AppModuleComponent type="1" schemaName="quote" />
      </AppModuleComponents>
      <AppModuleRoleMaps>
        <Role id="{627090ff-40a3-4053-8790-584edc5be201}" />
        <Role id="{119f245c-3cc8-4b62-b31c-d1a046ced15d}" />
      </AppModuleRoleMaps>
      <LocalizedNames>
        <LocalizedName description="Duff Sales App" languagecode="1033" />
      </LocalizedNames>
      <Descriptions>
        <Description description="Custom model-driven app for Duff Beer" languagecode="1033" />
      </Descriptions>
    </AppModule>
  </AppModules>
  <EntityDataProviders />
  <connectionreferences>
    <connectionreference connectionreferencelogicalname="duff_sharedapprovals_a1f32">
      <connectionreferencedisplayname>Approvals CustomAPIsDemo-a1f32</connectionreferencedisplayname>
      <connectorid>/providers/Microsoft.PowerApps/apis/shared_approvals</connectorid>
      <iscustomizable>1</iscustomizable>
      <statecode>0</statecode>
      <statuscode>1</statuscode>
    </connectionreference>
    <connectionreference connectionreferencelogicalname="duff_sharedcommondataservice_f2c90">
      <connectionreferencedisplayname>Microsoft Dataverse (legacy) CustomAPIsDemo-f2c90</connectionreferencedisplayname>
      <connectorid>/providers/Microsoft.PowerApps/apis/shared_commondataservice</connectorid>
      <iscustomizable>1</iscustomizable>
      <statecode>0</statecode>
      <statuscode>1</statuscode>
    </connectionreference>
    <connectionreference connectionreferencelogicalname="duff_sharedcommondataserviceforapps_0b8cb">
      <connectionreferencedisplayname>Microsoft Dataverse CustomAPIsDemo-0b8cb</connectionreferencedisplayname>
      <connectorid>/providers/Microsoft.PowerApps/apis/shared_commondataserviceforapps</connectorid>
      <iscustomizable>1</iscustomizable>
      <statecode>0</statecode>
      <statuscode>1</statuscode>
    </connectionreference>
    <connectionreference connectionreferencelogicalname="duff_sharedteams_3721d">
      <connectionreferencedisplayname>Microsoft Teams CustomAPIsDemo-3721d</connectionreferencedisplayname>
      <connectorid>/providers/Microsoft.PowerApps/apis/shared_teams</connectorid>
      <iscustomizable>1</iscustomizable>
      <statecode>0</statecode>
      <statuscode>1</statuscode>
    </connectionreference>
  </connectionreferences>
  <Languages>
    <Language>1033</Language>
    <Language>1031</Language>
  </Languages>
</ImportExportXml>