<ImportExportXml version="9.2.22032.145" SolutionPackageVersion="9.2" languagecode="1033" generatedBy="CrmLive" xmlns:xsi="http://www.w3.org/2001/XMLSchema-instance">
  <SolutionManifest>
    <UniqueName>CustomAPIsDemo</UniqueName>
    <LocalizedNames>
      <LocalizedName description="Custom API's Demo" languagecode="1033" />
    </LocalizedNames>
    <Descriptions />
    <Version>1.0.0.1</Version>
    <Managed>0</Managed>
    <Publisher>
      <UniqueName>DuffCorporation</UniqueName>
      <LocalizedNames>
        <LocalizedName description="Duff Corporation" languagecode="1033" />
      </LocalizedNames>
      <Descriptions>
        <Description description="We can't get enough of that wonderful Duff!" languagecode="1033" />
      </Descriptions>
      <EMailAddress xsi:nil="true"></EMailAddress>
      <SupportingWebsiteUrl xsi:nil="true"></SupportingWebsiteUrl>
      <CustomizationPrefix>duff</CustomizationPrefix>
      <CustomizationOptionValuePrefix>49713</CustomizationOptionValuePrefix>
      <Addresses>
        <Address>
          <AddressNumber>1</AddressNumber>
          <AddressTypeCode>1</AddressTypeCode>
          <City xsi:nil="true"></City>
          <County xsi:nil="true"></County>
          <Country xsi:nil="true"></Country>
          <Fax xsi:nil="true"></Fax>
          <FreightTermsCode xsi:nil="true"></FreightTermsCode>
          <ImportSequenceNumber xsi:nil="true"></ImportSequenceNumber>
          <Latitude xsi:nil="true"></Latitude>
          <Line1 xsi:nil="true"></Line1>
          <Line2 xsi:nil="true"></Line2>
          <Line3 xsi:nil="true"></Line3>
          <Longitude xsi:nil="true"></Longitude>
          <Name xsi:nil="true"></Name>
          <PostalCode xsi:nil="true"></PostalCode>
          <PostOfficeBox xsi:nil="true"></PostOfficeBox>
          <PrimaryContactName xsi:nil="true"></PrimaryContactName>
          <ShippingMethodCode>1</ShippingMethodCode>
          <StateOrProvince xsi:nil="true"></StateOrProvince>
          <Telephone1 xsi:nil="true"></Telephone1>
          <Telephone2 xsi:nil="true"></Telephone2>
          <Telephone3 xsi:nil="true"></Telephone3>
          <TimeZoneRuleVersionNumber xsi:nil="true"></TimeZoneRuleVersionNumber>
          <UPSZone xsi:nil="true"></UPSZone>
          <UTCOffset xsi:nil="true"></UTCOffset>
          <UTCConversionTimeZoneCode xsi:nil="true"></UTCConversionTimeZoneCode>
        </Address>
        <Address>
          <AddressNumber>2</AddressNumber>
          <AddressTypeCode>1</AddressTypeCode>
          <City xsi:nil="true"></City>
          <County xsi:nil="true"></County>
          <Country xsi:nil="true"></Country>
          <Fax xsi:nil="true"></Fax>
          <FreightTermsCode xsi:nil="true"></FreightTermsCode>
          <ImportSequenceNumber xsi:nil="true"></ImportSequenceNumber>
          <Latitude xsi:nil="true"></Latitude>
          <Line1 xsi:nil="true"></Line1>
          <Line2 xsi:nil="true"></Line2>
          <Line3 xsi:nil="true"></Line3>
          <Longitude xsi:nil="true"></Longitude>
          <Name xsi:nil="true"></Name>
          <PostalCode xsi:nil="true"></PostalCode>
          <PostOfficeBox xsi:nil="true"></PostOfficeBox>
          <PrimaryContactName xsi:nil="true"></PrimaryContactName>
          <ShippingMethodCode>1</ShippingMethodCode>
          <StateOrProvince xsi:nil="true"></StateOrProvince>
          <Telephone1 xsi:nil="true"></Telephone1>
          <Telephone2 xsi:nil="true"></Telephone2>
          <Telephone3 xsi:nil="true"></Telephone3>
          <TimeZoneRuleVersionNumber xsi:nil="true"></TimeZoneRuleVersionNumber>
          <UPSZone xsi:nil="true"></UPSZone>
          <UTCOffset xsi:nil="true"></UTCOffset>
          <UTCConversionTimeZoneCode xsi:nil="true"></UTCConversionTimeZoneCode>
        </Address>
      </Addresses>
    </Publisher>
    <RootComponents>
      <RootComponent type="1" schemaName="quote" behavior="2" />
      <RootComponent type="29" id="{a5c05673-13b4-ec11-983f-000d3a0d19b9}" behavior="0" />
      <RootComponent type="62" schemaName="duff_SalesApp" behavior="0" />
      <RootComponent type="80" schemaName="duff_SalesApp" behavior="0" />
      <RootComponent type="91" id="{a6be1673-7a92-4cf5-a3c2-14f1808aff76}" schemaName="D365.CustomAPIs.Demos, Version=1.0.0.0, Culture=neutral, PublicKeyToken=0a873ad70e244570" behavior="0" />
    </RootComponents>
    <MissingDependencies>
      <MissingDependency>
        <Required type="1" schemaName="opportunity" displayName="Opportunity" solution="msdynce_Sales (9.0.4.0076)">
          <package>msdynce_SalesAnchor (9.0.22032.10005)</package>
        </Required>
        <Dependent type="62" schemaName="duff_SalesApp" />
      </MissingDependency>
      <MissingDependency>
        <Required type="1" schemaName="opportunity" displayName="Opportunity" solution="msdynce_Sales (9.0.4.0076)">
          <package>msdynce_SalesAnchor (9.0.22032.10005)</package>
        </Required>
        <Dependent type="80" schemaName="duff_SalesApp" displayName="Duff Sales App" />
      </MissingDependency>
      <MissingDependency>
        <Required type="1" schemaName="pricelevel" displayName="Price List" solution="msdynce_ProductManagement (9.0.4.0066)">
          <package>msdynce_ProductManagementAnchor (9.0.22032.10001)</package>
        </Required>
        <Dependent type="62" schemaName="duff_SalesApp" />
      </MissingDependency>
      <MissingDependency>
        <Required type="1" schemaName="pricelevel" displayName="Price List" solution="msdynce_ProductManagement (9.0.4.0066)">
          <package>msdynce_ProductManagementAnchor (9.0.22032.10001)</package>
        </Required>
        <Dependent type="80" schemaName="duff_SalesApp" displayName="Duff Sales App" />
      </MissingDependency>
      <MissingDependency>
        <Required type="1" schemaName="product" displayName="Product" solution="msdynce_ProductManagement (9.0.4.0066)">
          <package>msdynce_ProductManagementAnchor (9.0.22032.10001)</package>
        </Required>
        <Dependent type="62" schemaName="duff_SalesApp" />
      </MissingDependency>
      <MissingDependency>
        <Required type="1" schemaName="product" displayName="Product" solution="msdynce_ProductManagement (9.0.4.0066)">
          <package>msdynce_ProductManagementAnchor (9.0.22032.10001)</package>
        </Required>
        <Dependent type="80" schemaName="duff_SalesApp" displayName="Duff Sales App" />
      </MissingDependency>
      <MissingDependency>
        <Required type="1" schemaName="quote" displayName="Quote" solution="msdynce_Sales (9.0.4.0076)">
          <package>msdynce_SalesAnchor (9.0.22032.10005)</package>
        </Required>
        <Dependent type="1" schemaName="quote" displayName="Quote" />
      </MissingDependency>
      <MissingDependency>
        <Required type="1" schemaName="quote" displayName="Quote" solution="msdynce_Sales (9.0.4.0076)">
          <package>msdynce_SalesAnchor (9.0.22032.10005)</package>
        </Required>
        <Dependent type="2" schemaName="duff_accountteamnotes" displayName="Account Team Notes" parentSchemaName="quote" parentDisplayName="Quote" />
      </MissingDependency>
      <MissingDependency>
        <Required type="1" schemaName="quote" displayName="Quote" solution="msdynce_Sales (9.0.4.0076)">
          <package>msdynce_SalesAnchor (9.0.22032.10005)</package>
        </Required>
        <Dependent type="29" displayName="Trigger Quote -&gt; Order Approval Process" id="{a5c05673-13b4-ec11-983f-000d3a0d19b9}" />
      </MissingDependency>
      <MissingDependency>
        <Required type="1" schemaName="quote" displayName="Quote" solution="msdynce_Sales (9.0.4.0076)">
          <package>msdynce_SalesAnchor (9.0.22032.10005)</package>
        </Required>
        <Dependent type="62" schemaName="duff_SalesApp" />
      </MissingDependency>
      <MissingDependency>
        <Required type="1" schemaName="quote" displayName="Quote" solution="msdynce_Sales (9.0.4.0076)">
          <package>msdynce_SalesAnchor (9.0.22032.10005)</package>
        </Required>
        <Dependent type="80" schemaName="duff_SalesApp" displayName="Duff Sales App" />
      </MissingDependency>
      <MissingDependency>
        <Required type="1" schemaName="quotedetail" displayName="Quote Product" solution="msdynce_Sales (9.0.4.0076)">
          <package>msdynce_SalesAnchor (9.0.22032.10005)</package>
        </Required>
        <Dependent type="60" displayName="Quote" parentDisplayName="Quote" id="{54076a2d-d043-4a1b-b061-4d06846371a9}" />
      </MissingDependency>
      <MissingDependency>
        <Required type="1" schemaName="salesorder" displayName="Order" solution="msdynce_Sales (9.0.4.0076)">
          <package>msdynce_SalesAnchor (9.0.22032.10005)</package>
        </Required>
        <Dependent type="62" schemaName="duff_SalesApp" />
      </MissingDependency>
      <MissingDependency>
        <Required type="1" schemaName="salesorder" displayName="Order" solution="msdynce_Sales (9.0.4.0076)">
          <package>msdynce_SalesAnchor (9.0.22032.10005)</package>
        </Required>
        <Dependent type="80" schemaName="duff_SalesApp" displayName="Duff Sales App" />
      </MissingDependency>
      <MissingDependency>
        <Required type="2" schemaName="billto_composite" displayName="Bill To Address" parentSchemaName="quote" parentDisplayName="Quote" solution="msdynce_Sales (9.0.4.0076)">
          <package>msdynce_SalesAnchor (9.0.22032.10005)</package>
        </Required>
        <Dependent type="60" displayName="Quote" parentDisplayName="Quote" id="{54076a2d-d043-4a1b-b061-4d06846371a9}" />
      </MissingDependency>
      <MissingDependency>
        <Required type="2" schemaName="billto_name" displayName="Bill To Name" parentSchemaName="quote" parentDisplayName="Quote" solution="msdynce_Sales (9.0.4.0076)">
          <package>msdynce_SalesAnchor (9.0.22032.10005)</package>
        </Required>
        <Dependent type="60" displayName="Quote" parentDisplayName="Quote" id="{54076a2d-d043-4a1b-b061-4d06846371a9}" />
      </MissingDependency>
      <MissingDependency>
        <Required type="2" schemaName="customerid" displayName="Potential Customer" parentSchemaName="quote" parentDisplayName="Quote" solution="msdynce_Sales (9.0.4.0076)">
          <package>msdynce_SalesAnchor (9.0.22032.10005)</package>
        </Required>
        <Dependent type="60" displayName="Quote" parentDisplayName="Quote" id="{54076a2d-d043-4a1b-b061-4d06846371a9}" />
      </MissingDependency>
      <MissingDependency>
        <Required type="2" schemaName="description" displayName="Description" parentSchemaName="quote" parentDisplayName="Quote" solution="msdynce_Sales (9.0.4.0076)">
          <package>msdynce_SalesAnchor (9.0.22032.10005)</package>
        </Required>
        <Dependent type="60" displayName="Quote" parentDisplayName="Quote" id="{54076a2d-d043-4a1b-b061-4d06846371a9}" />
      </MissingDependency>
      <MissingDependency>
        <Required type="2" schemaName="discountamount" displayName="Quote Discount Amount" parentSchemaName="quote" parentDisplayName="Quote" solution="msdynce_Sales (9.0.4.0076)">
          <package>msdynce_SalesAnchor (9.0.22032.10005)</package>
        </Required>
        <Dependent type="60" displayName="Quote" parentDisplayName="Quote" id="{54076a2d-d043-4a1b-b061-4d06846371a9}" />
      </MissingDependency>
      <MissingDependency>
        <Required type="2" schemaName="discountpercentage" displayName="Quote Discount (%)" parentSchemaName="quote" parentDisplayName="Quote" solution="msdynce_Sales (9.0.4.0076)">
          <package>msdynce_SalesAnchor (9.0.22032.10005)</package>
        </Required>
        <Dependent type="60" displayName="Quote" parentDisplayName="Quote" id="{54076a2d-d043-4a1b-b061-4d06846371a9}" />
      </MissingDependency>
      <MissingDependency>
        <Required type="2" schemaName="effectivefrom" displayName="Effective From" parentSchemaName="quote" parentDisplayName="Quote" solution="msdynce_Sales (9.0.4.0076)">
          <package>msdynce_SalesAnchor (9.0.22032.10005)</package>
        </Required>
        <Dependent type="60" displayName="Quote" parentDisplayName="Quote" id="{54076a2d-d043-4a1b-b061-4d06846371a9}" />
      </MissingDependency>
      <MissingDependency>
        <Required type="2" schemaName="effectiveto" displayName="Effective To" parentSchemaName="quote" parentDisplayName="Quote" solution="msdynce_Sales (9.0.4.0076)">
          <package>msdynce_SalesAnchor (9.0.22032.10005)</package>
        </Required>
        <Dependent type="60" displayName="Quote" parentDisplayName="Quote" id="{54076a2d-d043-4a1b-b061-4d06846371a9}" />
      </MissingDependency>
      <MissingDependency>
        <Required type="2" schemaName="freightamount" displayName="Freight Amount" parentSchemaName="quote" parentDisplayName="Quote" solution="msdynce_Sales (9.0.4.0076)">
          <package>msdynce_SalesAnchor (9.0.22032.10005)</package>
        </Required>
        <Dependent type="60" displayName="Quote" parentDisplayName="Quote" id="{54076a2d-d043-4a1b-b061-4d06846371a9}" />
      </MissingDependency>
      <MissingDependency>
        <Required type="2" schemaName="freighttermscode" displayName="Freight Terms" parentSchemaName="quote" parentDisplayName="Quote" solution="msdynce_Sales (9.0.4.0076)">
          <package>msdynce_SalesAnchor (9.0.22032.10005)</package>
        </Required>
        <Dependent type="60" displayName="Quote" parentDisplayName="Quote" id="{54076a2d-d043-4a1b-b061-4d06846371a9}" />
      </MissingDependency>
      <MissingDependency>
        <Required type="2" schemaName="name" displayName="Name" parentSchemaName="quote" parentDisplayName="Quote" solution="msdynce_Sales (9.0.4.0076)">
          <package>msdynce_SalesAnchor (9.0.22032.10005)</package>
        </Required>
        <Dependent type="60" displayName="Quote" parentDisplayName="Quote" id="{54076a2d-d043-4a1b-b061-4d06846371a9}" />
      </MissingDependency>
      <MissingDependency>
        <Required type="2" schemaName="opportunityid" displayName="Opportunity" parentSchemaName="quote" parentDisplayName="Quote" solution="msdynce_Sales (9.0.4.0076)">
          <package>msdynce_SalesAnchor (9.0.22032.10005)</package>
        </Required>
        <Dependent type="60" displayName="Quote" parentDisplayName="Quote" id="{54076a2d-d043-4a1b-b061-4d06846371a9}" />
      </MissingDependency>
      <MissingDependency>
        <Required type="2" schemaName="ownerid" displayName="Owner" parentSchemaName="quote" parentDisplayName="Quote" solution="msdynce_Sales (9.0.4.0076)">
          <package>msdynce_SalesAnchor (9.0.22032.10005)</package>
        </Required>
        <Dependent type="60" displayName="Quote" parentDisplayName="Quote" id="{54076a2d-d043-4a1b-b061-4d06846371a9}" />
      </MissingDependency>
      <MissingDependency>
        <Required type="2" schemaName="paymenttermscode" displayName="Payment Terms" parentSchemaName="quote" parentDisplayName="Quote" solution="msdynce_Sales (9.0.4.0076)">
          <package>msdynce_SalesAnchor (9.0.22032.10005)</package>
        </Required>
        <Dependent type="60" displayName="Quote" parentDisplayName="Quote" id="{54076a2d-d043-4a1b-b061-4d06846371a9}" />
      </MissingDependency>
      <MissingDependency>
        <Required type="2" schemaName="pricelevelid" displayName="Price List" parentSchemaName="quote" parentDisplayName="Quote" solution="msdynce_Sales (9.0.4.0076)">
          <package>msdynce_SalesAnchor (9.0.22032.10005)</package>
        </Required>
        <Dependent type="60" displayName="Quote" parentDisplayName="Quote" id="{54076a2d-d043-4a1b-b061-4d06846371a9}" />
      </MissingDependency>
      <MissingDependency>
        <Required type="2" schemaName="quotenumber" displayName="Quote ID" parentSchemaName="quote" parentDisplayName="Quote" solution="msdynce_Sales (9.0.4.0076)">
          <package>msdynce_SalesAnchor (9.0.22032.10005)</package>
        </Required>
        <Dependent type="60" displayName="Quote" parentDisplayName="Quote" id="{54076a2d-d043-4a1b-b061-4d06846371a9}" />
      </MissingDependency>
      <MissingDependency>
        <Required type="2" schemaName="revisionnumber" displayName="Revision ID" parentSchemaName="quote" parentDisplayName="Quote" solution="msdynce_Sales (9.0.4.0076)">
          <package>msdynce_SalesAnchor (9.0.22032.10005)</package>
        </Required>
        <Dependent type="60" displayName="Quote" parentDisplayName="Quote" id="{54076a2d-d043-4a1b-b061-4d06846371a9}" />
      </MissingDependency>
      <MissingDependency>
        <Required type="2" schemaName="shippingmethodcode" displayName="Shipping Method" parentSchemaName="quote" parentDisplayName="Quote" solution="msdynce_Sales (9.0.4.0076)">
          <package>msdynce_SalesAnchor (9.0.22032.10005)</package>
        </Required>
        <Dependent type="60" displayName="Quote" parentDisplayName="Quote" id="{54076a2d-d043-4a1b-b061-4d06846371a9}" />
      </MissingDependency>
      <MissingDependency>
        <Required type="2" schemaName="shipto_composite" displayName="Ship To Address" parentSchemaName="quote" parentDisplayName="Quote" solution="msdynce_Sales (9.0.4.0076)">
          <package>msdynce_SalesAnchor (9.0.22032.10005)</package>
        </Required>
        <Dependent type="60" displayName="Quote" parentDisplayName="Quote" id="{54076a2d-d043-4a1b-b061-4d06846371a9}" />
      </MissingDependency>
      <MissingDependency>
        <Required type="2" schemaName="statuscode" displayName="Status Reason" parentSchemaName="quote" parentDisplayName="Quote" solution="msdynce_Sales (9.0.4.0076)">
          <package>msdynce_SalesAnchor (9.0.22032.10005)</package>
        </Required>
        <Dependent type="60" displayName="Quote" parentDisplayName="Quote" id="{54076a2d-d043-4a1b-b061-4d06846371a9}" />
      </MissingDependency>
      <MissingDependency>
        <Required type="2" schemaName="totalamount" displayName="Total Amount" parentSchemaName="quote" parentDisplayName="Quote" solution="msdynce_Sales (9.0.4.0076)">
          <package>msdynce_SalesAnchor (9.0.22032.10005)</package>
        </Required>
        <Dependent type="60" displayName="Quote" parentDisplayName="Quote" id="{54076a2d-d043-4a1b-b061-4d06846371a9}" />
      </MissingDependency>
      <MissingDependency>
        <Required type="2" schemaName="totalamountlessfreight" displayName="Total Pre-Freight Amount" parentSchemaName="quote" parentDisplayName="Quote" solution="msdynce_Sales (9.0.4.0076)">
          <package>msdynce_SalesAnchor (9.0.22032.10005)</package>
        </Required>
        <Dependent type="60" displayName="Quote" parentDisplayName="Quote" id="{54076a2d-d043-4a1b-b061-4d06846371a9}" />
      </MissingDependency>
      <MissingDependency>
        <Required type="2" schemaName="totallineitemamount" displayName="Total Detail Amount" parentSchemaName="quote" parentDisplayName="Quote" solution="msdynce_Sales (9.0.4.0076)">
          <package>msdynce_SalesAnchor (9.0.22032.10005)</package>
        </Required>
        <Dependent type="60" displayName="Quote" parentDisplayName="Quote" id="{54076a2d-d043-4a1b-b061-4d06846371a9}" />
      </MissingDependency>
      <MissingDependency>
        <Required type="2" schemaName="totaltax" displayName="Total Tax" parentSchemaName="quote" parentDisplayName="Quote" solution="msdynce_Sales (9.0.4.0076)">
          <package>msdynce_SalesAnchor (9.0.22032.10005)</package>
        </Required>
        <Dependent type="60" displayName="Quote" parentDisplayName="Quote" id="{54076a2d-d043-4a1b-b061-4d06846371a9}" />
      </MissingDependency>
      <MissingDependency>
        <Required type="2" schemaName="transactioncurrencyid" displayName="Currency" parentSchemaName="quote" parentDisplayName="Quote" solution="msdynce_Sales (9.0.4.0076)">
          <package>msdynce_SalesAnchor (9.0.22032.10005)</package>
        </Required>
        <Dependent type="60" displayName="Quote" parentDisplayName="Quote" id="{54076a2d-d043-4a1b-b061-4d06846371a9}" />
      </MissingDependency>
      <MissingDependency>
        <Required type="2" schemaName="willcall" displayName="Ship To" parentSchemaName="quote" parentDisplayName="Quote" solution="msdynce_Sales (9.0.4.0076)">
          <package>msdynce_SalesAnchor (9.0.22032.10005)</package>
        </Required>
        <Dependent type="60" displayName="Quote" parentDisplayName="Quote" id="{54076a2d-d043-4a1b-b061-4d06846371a9}" />
      </MissingDependency>
      <MissingDependency>
        <Required type="2" schemaName="parentbundleidref" displayName="Parent bundle product" parentSchemaName="quotedetail" parentDisplayName="Quote Product" solution="msdynce_SalesPatch (9.0.1904.3002)">
          <package>msdynce_SalesAnchor (9.0.22032.10005)</package>
        </Required>
        <Dependent type="60" displayName="Quote" parentDisplayName="Quote" id="{54076a2d-d043-4a1b-b061-4d06846371a9}" />
      </MissingDependency>
      <MissingDependency>
        <Required type="26" schemaName="Quote Product Inline Edit View" displayName="Quote Product Inline Edit View" parentSchemaName="quotedetail" parentDisplayName="Quote Product" solution="msdynce_Sales (9.0.4.0076)" id="{cf23f371-4c2e-44df-bcef-c8971249bbe0}">
          <package>msdynce_SalesAnchor (9.0.22032.10005)</package>
        </Required>
        <Dependent type="60" displayName="Quote" parentDisplayName="Quote" id="{54076a2d-d043-4a1b-b061-4d06846371a9}" />
      </MissingDependency>
      <MissingDependency>
        <Required type="26" schemaName="Quote Product Inline Edit View: Bundle Products" displayName="Quote Product Inline Edit View: Bundle Products" parentSchemaName="quotedetail" parentDisplayName="Quote Product" solution="msdynce_SalesPatch (9.0.1904.3002)" id="{f6b7bacd-ca87-4cce-b4d3-0ff5dc0d43ef}">
          <package>msdynce_SalesAnchor (9.0.22032.10005)</package>
        </Required>
        <Dependent type="60" displayName="Quote" parentDisplayName="Quote" id="{54076a2d-d043-4a1b-b061-4d06846371a9}" />
      </MissingDependency>
      <MissingDependency>
        <Required type="60" displayName="Quote" parentDisplayName="Quote" solution="msdynce_Sales (9.0.4.0076)" id="{54076a2d-d043-4a1b-b061-4d06846371a9}">
          <package>msdynce_SalesAnchor (9.0.22032.10005)</package>
        </Required>
        <Dependent type="60" displayName="Quote" parentDisplayName="Quote" id="{54076a2d-d043-4a1b-b061-4d06846371a9}" />
      </MissingDependency>
      <MissingDependency>
        <Required type="61" schemaName="msdyn_/Images/AppModule_Default_Icon.png" displayName="msdyn_/Images/AppModule_Default_Icon.png" solution="AppModuleWebResources (2.5)" />
        <Dependent type="80" schemaName="duff_SalesApp" displayName="Duff Sales App" />
      </MissingDependency>
      <MissingDependency>
        <Required type="66" schemaName="MscrmControls.Grid.GridControl" displayName="MscrmControls.Grid.GridControl" solution="BaseCustomControlsCore (9.0.2203.2011)" />
        <Dependent type="60" displayName="Quote" parentDisplayName="Quote" id="{54076a2d-d043-4a1b-b061-4d06846371a9}" />
      </MissingDependency>
    </MissingDependencies>
  </SolutionManifest>
</ImportExportXml>