<customapi uniquename="duff_AccountsApproval">
  <allowedcustomprocessingsteptype>0</allowedcustomprocessingsteptype>
  <bindingtype>0</bindingtype>
  <description default="Custom API that handles the custom Quote to Order approval process for Duff.">
    <label description="Custom API that handles the custom Quote to Order approval process for Duff." languagecode="1033" />
  </description>
  <displayname default="Account Approval">
    <label description="Account Approval" languagecode="1033" />
  </displayname>
  <iscustomizable>1</iscustomizable>
  <isfunction>0</isfunction>
  <isprivate>0</isprivate>
  <name>Accounts Approval</name>
  <plugintypeid>
    <plugintypeid>858f41fd-6ae3-491b-a920-8da8b7188fb8</plugintypeid>
  </plugintypeid>
  <workflowsdkstepenabled>0</workflowsdkstepenabled>
</customapi>